Consumer_ID,Preferred_Cuisine
C00001,Indian
C00002,Chinese
C00003,South Indian
C00004,North Indian
C00005,Street Food
C00006,Fast Food
C00007,Continental
C00008,Italian
C00009,Indian
C00010,Chinese
C00011,South Indian
C00012,North Indian
C00013,Street Food
C00014,Fast Food
C00015,Continental
C00016,Italian
C00017,Indian
C00018,Chinese
C00019,South Indian
C00020,North Indian
C00021,Street Food
C00022,Fast Food
C00023,Continental
C00024,Italian
C00025,Indian
C00026,Chinese
C00027,South Indian
C00028,North Indian
C00029,Street Food
C00030,Fast Food
C00031,Continental
C00032,Italian
C00033,Indian
C00034,Chinese
C00035,South Indian
C00036,North Indian
C00037,Street Food
C00038,Fast Food
C00039,Continental
C00040,Italian
C00041,Indian
C00042,Chinese
C00043,South Indian
C00044,North Indian
C00045,Street Food
C00046,Fast Food
C00047,Continental
C00048,Italian
C00049,Indian
C00050,Chinese
C00051,South Indian
C00052,North Indian
C00053,Street Food
C00054,Fast Food
C00055,Continental
C00056,Italian
C00057,Indian
C00058,Chinese
C00059,South Indian
C00060,North Indian
C00061,Street Food
C00062,Fast Food
C00063,Continental
C00064,Italian
C00065,Indian
C00066,Chinese
C00067,South Indian
C00068,North Indian
C00069,Street Food
C00070,Fast Food
C00071,Continental
C00072,Italian
C00073,Indian
C00074,Chinese
C00075,South Indian
C00076,North Indian
C00077,Street Food
C00078,Fast Food
C00079,Continental
C00080,Italian
C00081,Indian
C00082,Chinese
C00083,South Indian
C00084,North Indian
C00085,Street Food
C00086,Fast Food
C00087,Continental
C00088,Italian
C00089,Indian
C00090,Chinese
C00091,South Indian
C00092,North Indian
C00093,Street Food
C00094,Fast Food
C00095,Continental
C00096,Italian
C00097,Indian
C00098,Chinese
C00099,South Indian
C00100,North Indian
C00101,Street Food
C00102,Fast Food
C00103,Continental
C00104,Italian
C00105,Indian
C00106,Chinese
C00107,South Indian
C00108,North Indian
C00109,Street Food
C00110,Fast Food
C00111,Continental
C00112,Italian
C00113,Indian
C00114,Chinese
C00115,South Indian
C00116,North Indian
C00117,Street Food
C00118,Fast Food
C00119,Continental
C00120,Italian
C00121,Indian
C00122,Chinese
C00123,South Indian
C00124,North Indian
C00125,Street Food
C00126,Fast Food
C00127,Continental
C00128,Italian
C00129,Indian
C00130,Chinese
C00131,South Indian
C00132,North Indian
C00133,Street Food
C00134,Fast Food
C00135,Continental
C00136,Italian
C00137,Indian
C00138,Chinese
C00139,South Indian
C00140,North Indian
C00141,Street Food
C00142,Fast Food
C00143,Continental
C00144,Italian
C00145,Indian
C00146,Chinese
C00147,South Indian
C00148,North Indian
C00149,Street Food
C00150,Fast Food
C00151,Continental
C00152,Italian
C00153,Indian
C00154,Chinese
C00155,South Indian
C00156,North Indian
C00157,Street Food
C00158,Fast Food
C00159,Continental
C00160,Italian
C00161,Indian
C00162,Chinese
C00163,South Indian
C00164,North Indian
C00165,Street Food
C00166,Fast Food
C00167,Continental
C00168,Italian
C00169,Indian
C00170,Chinese
C00171,South Indian
C00172,North Indian
C00173,Street Food
C00174,Fast Food
C00175,Continental
C00176,Italian
C00177,Indian
C00178,Chinese
C00179,South Indian
C00180,North Indian
C00181,Street Food
C00182,Fast Food
C00183,Continental
C00184,Italian
C00185,Indian
C00186,Chinese
C00187,South Indian
C00188,North Indian
C00189,Street Food
C00190,Fast Food
C00191,Continental
C00192,Italian
C00193,Indian
C00194,Chinese
C00195,South Indian
C00196,North Indian
C00197,Street Food
C00198,Fast Food
C00199,Continental
C00200,Italian
C00201,Indian
C00202,Chinese
C00203,South Indian
C00204,North Indian
C00205,Street Food
C00206,Fast Food
C00207,Continental
C00208,Italian
C00209,Indian
C00210,Chinese
C00211,South Indian
C00212,North Indian
C00213,Street Food
C00214,Fast Food
C00215,Continental
C00216,Italian
C00217,Indian
C00218,Chinese
C00219,South Indian
C00220,North Indian
C00221,Street Food
C00222,Fast Food
C00223,Continental
C00224,Italian
C00225,Indian
C00226,Chinese
C00227,South Indian
C00228,North Indian
C00229,Street Food
C00230,Fast Food
C00231,Continental
C00232,Italian
C00233,Indian
C00234,Chinese
C00235,South Indian
C00236,North Indian
C00237,Street Food
C00238,Fast Food
C00239,Continental
C00240,Italian
C00241,Indian
C00242,Chinese
C00243,South Indian
C00244,North Indian
C00245,Street Food
C00246,Fast Food
C00247,Continental
C00248,Italian
C00249,Indian
C00250,Chinese
C00251,South Indian
C00252,North Indian
C00253,Street Food
C00254,Fast Food
C00255,Continental
C00256,Italian
C00257,Indian
C00258,Chinese
C00259,South Indian
C00260,North Indian
C00261,Street Food
C00262,Fast Food
C00263,Continental
C00264,Italian
C00265,Indian
C00266,Chinese
C00267,South Indian
C00268,North Indian
C00269,Street Food
C00270,Fast Food
C00271,Continental
C00272,Italian
C00273,Indian
C00274,Chinese
C00275,South Indian
C00276,North Indian
C00277,Street Food
C00278,Fast Food
C00279,Continental
C00280,Italian
C00281,Indian
C00282,Chinese
C00283,South Indian
C00284,North Indian
C00285,Street Food
C00286,Fast Food
C00287,Continental
C00288,Italian
C00289,Indian
C00290,Chinese
C00291,South Indian
C00292,North Indian
C00293,Street Food
C00294,Fast Food
C00295,Continental
C00296,Italian
C00297,Indian
C00298,Chinese
C00299,South Indian
C00300,North Indian
C00301,Street Food
C00302,Fast Food
C00303,Continental
C00304,Italian
C00305,Indian
C00306,Chinese
C00307,South Indian
C00308,North Indian
C00309,Street Food
C00310,Fast Food
C00311,Continental
C00312,Italian
C00313,Indian
C00314,Chinese
C00315,South Indian
C00316,North Indian
C00317,Street Food
C00318,Fast Food
C00319,Continental
C00320,Italian
C00321,Indian
C00322,Chinese
C00323,South Indian
C00324,North Indian
C00325,Street Food
C00326,Fast Food
C00327,Continental
C00328,Italian
C00329,Indian
C00330,Chinese
C00331,South Indian
C00332,North Indian
C00333,Street Food
C00334,Fast Food
C00335,Continental
C00336,Italian
C00337,Indian
C00338,Chinese
C00339,South Indian
C00340,North Indian
C00341,Street Food
C00342,Fast Food
C00343,Continental
C00344,Italian
C00345,Indian
C00346,Chinese
C00347,South Indian
C00348,North Indian
C00349,Street Food
C00350,Fast Food
C00351,Continental
C00352,Italian
C00353,Indian
C00354,Chinese
C00355,South Indian
C00356,North Indian
C00357,Street Food
C00358,Fast Food
C00359,Continental
C00360,Italian
C00361,Indian
C00362,Chinese
C00363,South Indian
C00364,North Indian
C00365,Street Food
C00366,Fast Food
C00367,Continental
C00368,Italian
C00369,Indian
C00370,Chinese
C00371,South Indian
C00372,North Indian
C00373,Street Food
C00374,Fast Food
C00375,Continental
C00376,Italian
C00377,Indian
C00378,Chinese
C00379,South Indian
C00380,North Indian
C00381,Street Food
C00382,Fast Food
C00383,Continental
C00384,Italian
C00385,Indian
C00386,Chinese
C00387,South Indian
C00388,North Indian
C00389,Street Food
C00390,Fast Food
C00391,Continental
C00392,Italian
C00393,Indian
C00394,Chinese
C00395,South Indian
C00396,North Indian
C00397,Street Food
C00398,Fast Food
C00399,Continental
C00400,Italian
C00401,Indian
C00402,Chinese
C00403,South Indian
C00404,North Indian
C00405,Street Food
C00406,Fast Food
C00407,Continental
C00408,Italian
C00409,Indian
C00410,Chinese
C00411,South Indian
C00412,North Indian
C00413,Street Food
C00414,Fast Food
C00415,Continental
C00416,Italian
C00417,Indian
C00418,Chinese
C00419,South Indian
C00420,North Indian
C00421,Street Food
C00422,Fast Food
C00423,Continental
C00424,Italian
C00425,Indian
C00426,Chinese
C00427,South Indian
C00428,North Indian
C00429,Street Food
C00430,Fast Food
C00431,Continental
C00432,Italian
C00433,Indian
C00434,Chinese
C00435,South Indian
C00436,North Indian
C00437,Street Food
C00438,Fast Food
C00439,Continental
C00440,Italian
C00441,Indian
C00442,Chinese
C00443,South Indian
C00444,North Indian
C00445,Street Food
C00446,Fast Food
C00447,Continental
C00448,Italian
C00449,Indian
C00450,Chinese
C00451,South Indian
C00452,North Indian
C00453,Street Food
C00454,Fast Food
C00455,Continental
C00456,Italian
C00457,Indian
C00458,Chinese
C00459,South Indian
C00460,North Indian
C00461,Street Food
C00462,Fast Food
C00463,Continental
C00464,Italian
C00465,Indian
C00466,Chinese
C00467,South Indian
C00468,North Indian
C00469,Street Food
C00470,Fast Food
C00471,Continental
C00472,Italian
C00473,Indian
C00474,Chinese
C00475,South Indian
C00476,North Indian
C00477,Street Food
C00478,Fast Food
C00479,Continental
C00480,Italian
C00481,Indian
C00482,Chinese
C00483,South Indian
C00484,North Indian
C00485,Street Food
C00486,Fast Food
C00487,Continental
C00488,Italian
C00489,Indian
C00490,Chinese
C00491,South Indian
C00492,North Indian
C00493,Street Food
C00494,Fast Food
C00495,Continental
C00496,Italian
C00497,Indian
C00498,Chinese
C00499,South Indian
C00500,North Indian
C00501,Street Food
C00502,Fast Food
C00503,Continental
C00504,Italian
C00505,Indian
C00506,Chinese
C00507,South Indian
C00508,North Indian
C00509,Street Food
C00510,Fast Food
C00511,Continental
C00512,Italian
C00513,Indian
C00514,Chinese
C00515,South Indian
C00516,North Indian
C00517,Street Food
C00518,Fast Food
C00519,Continental
C00520,Italian
C00521,Indian
C00522,Chinese
C00523,South Indian
C00524,North Indian
C00525,Street Food
C00526,Fast Food
C00527,Continental
C00528,Italian
C00529,Indian
C00530,Chinese
C00531,South Indian
C00532,North Indian
C00533,Street Food
C00534,Fast Food
C00535,Continental
C00536,Italian
C00537,Indian
C00538,Chinese
C00539,South Indian
C00540,North Indian
C00541,Street Food
C00542,Fast Food
C00543,Continental
C00544,Italian
C00545,Indian
C00546,Chinese
C00547,South Indian
C00548,North Indian
C00549,Street Food
C00550,Fast Food
C00551,Continental
C00552,Italian
C00553,Indian
C00554,Chinese
C00555,South Indian
C00556,North Indian
C00557,Street Food
C00558,Fast Food
C00559,Continental
C00560,Italian
C00561,Indian
C00562,Chinese
C00563,South Indian
C00564,North Indian
C00565,Street Food
C00566,Fast Food
C00567,Continental
C00568,Italian
C00569,Indian
C00570,Chinese
C00571,South Indian
C00572,North Indian
C00573,Street Food
C00574,Fast Food
C00575,Continental
C00576,Italian
C00577,Indian
C00578,Chinese
C00579,South Indian
C00580,North Indian
C00581,Street Food
C00582,Fast Food
C00583,Continental
C00584,Italian
C00585,Indian
C00586,Chinese
C00587,South Indian
C00588,North Indian
C00589,Street Food
C00590,Fast Food
C00591,Continental
C00592,Italian
C00593,Indian
C00594,Chinese
C00595,South Indian
C00596,North Indian
C00597,Street Food
C00598,Fast Food
C00599,Continental
C00600,Italian
C00601,Indian
C00602,Chinese
C00603,South Indian
C00604,North Indian
C00605,Street Food
C00606,Fast Food
C00607,Continental
C00608,Italian
C00609,Indian
C00610,Chinese
C00611,South Indian
C00612,North Indian
C00613,Street Food
C00614,Fast Food
C00615,Continental
C00616,Italian
C00617,Indian
C00618,Chinese
C00619,South Indian
C00620,North Indian
C00621,Street Food
C00622,Fast Food
C00623,Continental
C00624,Italian
C00625,Indian
C00626,Chinese
C00627,South Indian
C00628,North Indian
C00629,Street Food
C00630,Fast Food
C00631,Continental
C00632,Italian
C00633,Indian
C00634,Chinese
C00635,South Indian
C00636,North Indian
C00637,Street Food
C00638,Fast Food
C00639,Continental
C00640,Italian
C00641,Indian
C00642,Chinese
C00643,South Indian
C00644,North Indian
C00645,Street Food
C00646,Fast Food
C00647,Continental
C00648,Italian
C00649,Indian
C00650,Chinese
C00651,South Indian
C00652,North Indian
C00653,Street Food
C00654,Fast Food
C00655,Continental
C00656,Italian
C00657,Indian
C00658,Chinese
C00659,South Indian
C00660,North Indian
C00661,Street Food
C00662,Fast Food
C00663,Continental
C00664,Italian
C00665,Indian
C00666,Chinese
C00667,South Indian
C00668,North Indian
C00669,Street Food
C00670,Fast Food
C00671,Continental
C00672,Italian
C00673,Indian
C00674,Chinese
C00675,South Indian
C00676,North Indian
C00677,Street Food
C00678,Fast Food
C00679,Continental
C00680,Italian
C00681,Indian
C00682,Chinese
C00683,South Indian
C00684,North Indian
C00685,Street Food
C00686,Fast Food
C00687,Continental
C00688,Italian
C00689,Indian
C00690,Chinese
C00691,South Indian
C00692,North Indian
C00693,Street Food
C00694,Fast Food
C00695,Continental
C00696,Italian
C00697,Indian
C00698,Chinese
C00699,South Indian
C00700,North Indian
C00701,Street Food
C00702,Fast Food
C00703,Continental
C00704,Italian
C00705,Indian
C00706,Chinese
C00707,South Indian
C00708,North Indian
C00709,Street Food
C00710,Fast Food
C00711,Continental
C00712,Italian
C00713,Indian
C00714,Chinese
C00715,South Indian
C00716,North Indian
C00717,Street Food
C00718,Fast Food
C00719,Continental
C00720,Italian
C00721,Indian
C00722,Chinese
C00723,South Indian
C00724,North Indian
C00725,Street Food
C00726,Fast Food
C00727,Continental
C00728,Italian
C00729,Indian
C00730,Chinese
C00731,South Indian
C00732,North Indian
C00733,Street Food
C00734,Fast Food
C00735,Continental
C00736,Italian
C00737,Indian
C00738,Chinese
C00739,South Indian
C00740,North Indian
C00741,Street Food
C00742,Fast Food
C00743,Continental
C00744,Italian
C00745,Indian
C00746,Chinese
C00747,South Indian
C00748,North Indian
C00749,Street Food
C00750,Fast Food
C00751,Continental
C00752,Italian
C00753,Indian
C00754,Chinese
C00755,South Indian
C00756,North Indian
C00757,Street Food
C00758,Fast Food
C00759,Continental
C00760,Italian
C00761,Indian
C00762,Chinese
C00763,South Indian
C00764,North Indian
C00765,Street Food
C00766,Fast Food
C00767,Continental
C00768,Italian
C00769,Indian
C00770,Chinese
C00771,South Indian
C00772,North Indian
C00773,Street Food
C00774,Fast Food
C00775,Continental
C00776,Italian
C00777,Indian
C00778,Chinese
C00779,South Indian
C00780,North Indian
C00781,Street Food
C00782,Fast Food
C00783,Continental
C00784,Italian
C00785,Indian
C00786,Chinese
C00787,South Indian
C00788,North Indian
C00789,Street Food
C00790,Fast Food
C00791,Continental
C00792,Italian
C00793,Indian
C00794,Chinese
C00795,South Indian
C00796,North Indian
C00797,Street Food
C00798,Fast Food
C00799,Continental
C00800,Italian
C00801,Indian
C00802,Chinese
C00803,South Indian
C00804,North Indian
C00805,Street Food
C00806,Fast Food
C00807,Continental
C00808,Italian
C00809,Indian
C00810,Chinese
C00811,South Indian
C00812,North Indian
C00813,Street Food
C00814,Fast Food
C00815,Continental
C00816,Italian
C00817,Indian
C00818,Chinese
C00819,South Indian
C00820,North Indian
C00821,Street Food
C00822,Fast Food
C00823,Continental
C00824,Italian
C00825,Indian
C00826,Chinese
C00827,South Indian
C00828,North Indian
C00829,Street Food
C00830,Fast Food
C00831,Continental
C00832,Italian
C00833,Indian
C00834,Chinese
C00835,South Indian
C00836,North Indian
C00837,Street Food
C00838,Fast Food
C00839,Continental
C00840,Italian
C00841,Indian
C00842,Chinese
C00843,South Indian
C00844,North Indian
C00845,Street Food
C00846,Fast Food
C00847,Continental
C00848,Italian
C00849,Indian
C00850,Chinese
C00851,South Indian
C00852,North Indian
C00853,Street Food
C00854,Fast Food
C00855,Continental
C00856,Italian
C00857,Indian
C00858,Chinese
C00859,South Indian
C00860,North Indian
C00861,Street Food
C00862,Fast Food
C00863,Continental
C00864,Italian
C00865,Indian
C00866,Chinese
C00867,South Indian
C00868,North Indian
C00869,Street Food
C00870,Fast Food
C00871,Continental
C00872,Italian
C00873,Indian
C00874,Chinese
C00875,South Indian
C00876,North Indian
C00877,Street Food
C00878,Fast Food
C00879,Continental
C00880,Italian
C00881,Indian
C00882,Chinese
C00883,South Indian
C00884,North Indian
C00885,Street Food
C00886,Fast Food
C00887,Continental
C00888,Italian
C00889,Indian
C00890,Chinese
C00891,South Indian
C00892,North Indian
C00893,Street Food
C00894,Fast Food
C00895,Continental
C00896,Italian
C00897,Indian
C00898,Chinese
C00899,South Indian
C00900,North Indian
C00901,Street Food
C00902,Fast Food
C00903,Continental
C00904,Italian
C00905,Indian
C00906,Chinese
C00907,South Indian
C00908,North Indian
C00909,Street Food
C00910,Fast Food
C00911,Continental
C00912,Italian
C00913,Indian
C00914,Chinese
C00915,South Indian
C00916,North Indian
C00917,Street Food
C00918,Fast Food
C00919,Continental
C00920,Italian
C00921,Indian
C00922,Chinese
C00923,South Indian
C00924,North Indian
C00925,Street Food
C00926,Fast Food
C00927,Continental
C00928,Italian
C00929,Indian
C00930,Chinese
C00931,South Indian
C00932,North Indian
C00933,Street Food
C00934,Fast Food
C00935,Continental
C00936,Italian
C00937,Indian
C00938,Chinese
C00939,South Indian
C00940,North Indian
C00941,Street Food
C00942,Fast Food
C00943,Continental
C00944,Italian
C00945,Indian
C00946,Chinese
C00947,South Indian
C00948,North Indian
C00949,Street Food
C00950,Fast Food
C00951,Continental
C00952,Italian
C00953,Indian
C00954,Chinese
C00955,South Indian
C00956,North Indian
C00957,Street Food
C00958,Fast Food
C00959,Continental
C00960,Italian
C00961,Indian
C00962,Chinese
C00963,South Indian
C00964,North Indian
C00965,Street Food
C00966,Fast Food
C00967,Continental
C00968,Italian
C00969,Indian
C00970,Chinese
C00971,South Indian
C00972,North Indian
C00973,Street Food
C00974,Fast Food
C00975,Continental
C00976,Italian
C00977,Indian
C00978,Chinese
C00979,South Indian
C00980,North Indian
C00981,Street Food
C00982,Fast Food
C00983,Continental
C00984,Italian
C00985,Indian
C00986,Chinese
C00987,South Indian
C00988,North Indian
C00989,Street Food
C00990,Fast Food
C00991,Continental
C00992,Italian
C00993,Indian
C00994,Chinese
C00995,South Indian
C00996,North Indian
C00997,Street Food
C00998,Fast Food
C00999,Continental
C01000,Italian
C01001,Indian
C01002,Chinese
C01003,South Indian
C01004,North Indian
C01005,Street Food
C01006,Fast Food
C01007,Continental
C01008,Italian
C01009,Indian
C01010,Chinese
C01011,South Indian
C01012,North Indian
C01013,Street Food
C01014,Fast Food
C01015,Continental
C01016,Italian
C01017,Indian
C01018,Chinese
C01019,South Indian
C01020,North Indian
C01021,Street Food
C01022,Fast Food
C01023,Continental
C01024,Italian
C01025,Indian
C01026,Chinese
C01027,South Indian
C01028,North Indian
C01029,Street Food
C01030,Fast Food
C01031,Continental
C01032,Italian
C01033,Indian
C01034,Chinese
C01035,South Indian
C01036,North Indian
C01037,Street Food
C01038,Fast Food
C01039,Continental
C01040,Italian
C01041,Indian
C01042,Chinese
C01043,South Indian
C01044,North Indian
C01045,Street Food
C01046,Fast Food
C01047,Continental
C01048,Italian
C01049,Indian
C01050,Chinese
C01051,South Indian
C01052,North Indian
C01053,Street Food
C01054,Fast Food
C01055,Continental
C01056,Italian
C01057,Indian
C01058,Chinese
C01059,South Indian
C01060,North Indian
C01061,Street Food
C01062,Fast Food
C01063,Continental
C01064,Italian
C01065,Indian
C01066,Chinese
C01067,South Indian
C01068,North Indian
C01069,Street Food
C01070,Fast Food
C01071,Continental
C01072,Italian
C01073,Indian
C01074,Chinese
C01075,South Indian
C01076,North Indian
C01077,Street Food
C01078,Fast Food
C01079,Continental
C01080,Italian
C01081,Indian
C01082,Chinese
C01083,South Indian
C01084,North Indian
C01085,Street Food
C01086,Fast Food
C01087,Continental
C01088,Italian
C01089,Indian
C01090,Chinese
C01091,South Indian
C01092,North Indian
C01093,Street Food
C01094,Fast Food
C01095,Continental
C01096,Italian
C01097,Indian
C01098,Chinese
C01099,South Indian
C01100,North Indian
C01101,Street Food
C01102,Fast Food
C01103,Continental
C01104,Italian
C01105,Indian
C01106,Chinese
C01107,South Indian
C01108,North Indian
C01109,Street Food
C01110,Fast Food
C01111,Continental
C01112,Italian
C01113,Indian
C01114,Chinese
C01115,South Indian
C01116,North Indian
C01117,Street Food
C01118,Fast Food
C01119,Continental
C01120,Italian
C01121,Indian
C01122,Chinese
C01123,South Indian
C01124,North Indian
C01125,Street Food
C01126,Fast Food
C01127,Continental
C01128,Italian
C01129,Indian
C01130,Chinese
C01131,South Indian
C01132,North Indian
C01133,Street Food
C01134,Fast Food
C01135,Continental
C01136,Italian
C01137,Indian
C01138,Chinese
C01139,South Indian
C01140,North Indian
C01141,Street Food
C01142,Fast Food
C01143,Continental
C01144,Italian
C01145,Indian
C01146,Chinese
C01147,South Indian
C01148,North Indian
C01149,Street Food
C01150,Fast Food
C01151,Continental
C01152,Italian
C01153,Indian
C01154,Chinese
C01155,South Indian
C01156,North Indian
C01157,Street Food
C01158,Fast Food
C01159,Continental
C01160,Italian
C01161,Indian
C01162,Chinese
C01163,South Indian
C01164,North Indian
C01165,Street Food
C01166,Fast Food
C01167,Continental
C01168,Italian
C01169,Indian
C01170,Chinese
C01171,South Indian
C01172,North Indian
C01173,Street Food
C01174,Fast Food
C01175,Continental
C01176,Italian
C01177,Indian
C01178,Chinese
C01179,South Indian
C01180,North Indian
C01181,Street Food
C01182,Fast Food
C01183,Continental
C01184,Italian
C01185,Indian
C01186,Chinese
C01187,South Indian
C01188,North Indian
C01189,Street Food
C01190,Fast Food
C01191,Continental
C01192,Italian
C01193,Indian
C01194,Chinese
C01195,South Indian
C01196,North Indian
C01197,Street Food
C01198,Fast Food
C01199,Continental
C01200,Italian
C01201,Indian
C01202,Chinese
C01203,South Indian
C01204,North Indian
C01205,Street Food
C01206,Fast Food
C01207,Continental
C01208,Italian
C01209,Indian
C01210,Chinese
C01211,South Indian
C01212,North Indian
C01213,Street Food
C01214,Fast Food
C01215,Continental
C01216,Italian
C01217,Indian
C01218,Chinese
C01219,South Indian
C01220,North Indian
C01221,Street Food
C01222,Fast Food
C01223,Continental
C01224,Italian
C01225,Indian
C01226,Chinese
C01227,South Indian
C01228,North Indian
C01229,Street Food
C01230,Fast Food
C01231,Continental
C01232,Italian
C01233,Indian
C01234,Chinese
C01235,South Indian
C01236,North Indian
C01237,Street Food
C01238,Fast Food
C01239,Continental
C01240,Italian
C01241,Indian
C01242,Chinese
C01243,South Indian
C01244,North Indian
C01245,Street Food
C01246,Fast Food
C01247,Continental
C01248,Italian
C01249,Indian
C01250,Chinese
C01251,South Indian
C01252,North Indian
C01253,Street Food
C01254,Fast Food
C01255,Continental
C01256,Italian
C01257,Indian
C01258,Chinese
C01259,South Indian
C01260,North Indian
C01261,Street Food
C01262,Fast Food
C01263,Continental
C01264,Italian
C01265,Indian
C01266,Chinese
C01267,South Indian
C01268,North Indian
C01269,Street Food
C01270,Fast Food
C01271,Continental
C01272,Italian
C01273,Indian
C01274,Chinese
C01275,South Indian
C01276,North Indian
C01277,Street Food
C01278,Fast Food
C01279,Continental
C01280,Italian
C01281,Indian
C01282,Chinese
C01283,South Indian
C01284,North Indian
C01285,Street Food
C01286,Fast Food
C01287,Continental
C01288,Italian
C01289,Indian
C01290,Chinese
C01291,South Indian
C01292,North Indian
C01293,Street Food
C01294,Fast Food
C01295,Continental
C01296,Italian
C01297,Indian
C01298,Chinese
C01299,South Indian
C01300,North Indian
C01301,Street Food
C01302,Fast Food
C01303,Continental
C01304,Italian
C01305,Indian
C01306,Chinese
C01307,South Indian
C01308,North Indian
C01309,Street Food
C01310,Fast Food
C01311,Continental
C01312,Italian
C01313,Indian
C01314,Chinese
C01315,South Indian
C01316,North Indian
C01317,Street Food
C01318,Fast Food
C01319,Continental
C01320,Italian
C01321,Indian
C01322,Chinese
C01323,South Indian
C01324,North Indian
C01325,Street Food
C01326,Fast Food
C01327,Continental
C01328,Italian
C01329,Indian
C01330,Chinese
C01331,South Indian
C01332,North Indian
C01333,Street Food
C01334,Fast Food
C01335,Continental
C01336,Italian
C01337,Indian
C01338,Chinese
C01339,South Indian
C01340,North Indian
C01341,Street Food
C01342,Fast Food
C01343,Continental
C01344,Italian
C01345,Indian
C01346,Chinese
C01347,South Indian
C01348,North Indian
C01349,Street Food
C01350,Fast Food
C01351,Continental
C01352,Italian
C01353,Indian
C01354,Chinese
C01355,South Indian
C01356,North Indian
C01357,Street Food
C01358,Fast Food
C01359,Continental
C01360,Italian
C01361,Indian
C01362,Chinese
C01363,South Indian
C01364,North Indian
C01365,Street Food
C01366,Fast Food
C01367,Continental
C01368,Italian
C01369,Indian
C01370,Chinese
C01371,South Indian
C01372,North Indian
C01373,Street Food
C01374,Fast Food
C01375,Continental
C01376,Italian
C01377,Indian
C01378,Chinese
C01379,South Indian
C01380,North Indian
C01381,Street Food
C01382,Fast Food
C01383,Continental
C01384,Italian
C01385,Indian
C01386,Chinese
C01387,South Indian
C01388,North Indian
C01389,Street Food
C01390,Fast Food
C01391,Continental
C01392,Italian
C01393,Indian
C01394,Chinese
C01395,South Indian
C01396,North Indian
C01397,Street Food
C01398,Fast Food
C01399,Continental
C01400,Italian
C01401,Indian
C01402,Chinese
C01403,South Indian
C01404,North Indian
C01405,Street Food
C01406,Fast Food
C01407,Continental
C01408,Italian
C01409,Indian
C01410,Chinese
C01411,South Indian
C01412,North Indian
C01413,Street Food
C01414,Fast Food
C01415,Continental
C01416,Italian
C01417,Indian
C01418,Chinese
C01419,South Indian
C01420,North Indian
C01421,Street Food
C01422,Fast Food
C01423,Continental
C01424,Italian
C01425,Indian
C01426,Chinese
C01427,South Indian
C01428,North Indian
C01429,Street Food
C01430,Fast Food
C01431,Continental
C01432,Italian
C01433,Indian
C01434,Chinese
C01435,South Indian
C01436,North Indian
C01437,Street Food
C01438,Fast Food
C01439,Continental
C01440,Italian
C01441,Indian
C01442,Chinese
C01443,South Indian
C01444,North Indian
C01445,Street Food
C01446,Fast Food
C01447,Continental
C01448,Italian
C01449,Indian
C01450,Chinese
C01451,South Indian
C01452,North Indian
C01453,Street Food
C01454,Fast Food
C01455,Continental
C01456,Italian
C01457,Indian
C01458,Chinese
C01459,South Indian
C01460,North Indian
C01461,Street Food
C01462,Fast Food
C01463,Continental
C01464,Italian
C01465,Indian
C01466,Chinese
C01467,South Indian
C01468,North Indian
C01469,Street Food
C01470,Fast Food
C01471,Continental
C01472,Italian
C01473,Indian
C01474,Chinese
C01475,South Indian
C01476,North Indian
C01477,Street Food
C01478,Fast Food
C01479,Continental
C01480,Italian
C01481,Indian
C01482,Chinese
C01483,South Indian
C01484,North Indian
C01485,Street Food
C01486,Fast Food
C01487,Continental
C01488,Italian
C01489,Indian
C01490,Chinese
C01491,South Indian
C01492,North Indian
C01493,Street Food
C01494,Fast Food
C01495,Continental
C01496,Italian
C01497,Indian
C01498,Chinese
C01499,South Indian
C01500,North Indian
C01501,Street Food
C01502,Fast Food
C01503,Continental
C01504,Italian
C01505,Indian
C01506,Chinese
C01507,South Indian
C01508,North Indian
C01509,Street Food
C01510,Fast Food
C01511,Continental
C01512,Italian
C01513,Indian
C01514,Chinese
C01515,South Indian
C01516,North Indian
C01517,Street Food
C01518,Fast Food
C01519,Continental
C01520,Italian
C01521,Indian
C01522,Chinese
C01523,South Indian
C01524,North Indian
C01525,Street Food
C01526,Fast Food
C01527,Continental
C01528,Italian
C01529,Indian
C01530,Chinese
C01531,South Indian
C01532,North Indian
C01533,Street Food
C01534,Fast Food
C01535,Continental
C01536,Italian
C01537,Indian
C01538,Chinese
C01539,South Indian
C01540,North Indian
C01541,Street Food
C01542,Fast Food
C01543,Continental
C01544,Italian
C01545,Indian
C01546,Chinese
C01547,South Indian
C01548,North Indian
C01549,Street Food
C01550,Fast Food
C01551,Continental
C01552,Italian
C01553,Indian
C01554,Chinese
C01555,South Indian
C01556,North Indian
C01557,Street Food
C01558,Fast Food
C01559,Continental
C01560,Italian
C01561,Indian
C01562,Chinese
C01563,South Indian
C01564,North Indian
C01565,Street Food
C01566,Fast Food
C01567,Continental
C01568,Italian
C01569,Indian
C01570,Chinese
C01571,South Indian
C01572,North Indian
C01573,Street Food
C01574,Fast Food
C01575,Continental
C01576,Italian
C01577,Indian
C01578,Chinese
C01579,South Indian
C01580,North Indian
C01581,Street Food
C01582,Fast Food
C01583,Continental
C01584,Italian
C01585,Indian
C01586,Chinese
C01587,South Indian
C01588,North Indian
C01589,Street Food
C01590,Fast Food
C01591,Continental
C01592,Italian
C01593,Indian
C01594,Chinese
C01595,South Indian
C01596,North Indian
C01597,Street Food
C01598,Fast Food
C01599,Continental
C01600,Italian
C01601,Indian
C01602,Chinese
C01603,South Indian
C01604,North Indian
C01605,Street Food
C01606,Fast Food
C01607,Continental
C01608,Italian
C01609,Indian
C01610,Chinese
C01611,South Indian
C01612,North Indian
C01613,Street Food
C01614,Fast Food
C01615,Continental
C01616,Italian
C01617,Indian
C01618,Chinese
C01619,South Indian
C01620,North Indian
C01621,Street Food
C01622,Fast Food
C01623,Continental
C01624,Italian
C01625,Indian
C01626,Chinese
C01627,South Indian
C01628,North Indian
C01629,Street Food
C01630,Fast Food
C01631,Continental
C01632,Italian
C01633,Indian
C01634,Chinese
C01635,South Indian
C01636,North Indian
C01637,Street Food
C01638,Fast Food
C01639,Continental
C01640,Italian
C01641,Indian
C01642,Chinese
C01643,South Indian
C01644,North Indian
C01645,Street Food
C01646,Fast Food
C01647,Continental
C01648,Italian
C01649,Indian
C01650,Chinese
C01651,South Indian
C01652,North Indian
C01653,Street Food
C01654,Fast Food
C01655,Continental
C01656,Italian
C01657,Indian
C01658,Chinese
C01659,South Indian
C01660,North Indian
C01661,Street Food
C01662,Fast Food
C01663,Continental
C01664,Italian
C01665,Indian
C01666,Chinese
C01667,South Indian
C01668,North Indian
C01669,Street Food
C01670,Fast Food
C01671,Continental
C01672,Italian
C01673,Indian
C01674,Chinese
C01675,South Indian
C01676,North Indian
C01677,Street Food
C01678,Fast Food
C01679,Continental
C01680,Italian
C01681,Indian
C01682,Chinese
C01683,South Indian
C01684,North Indian
C01685,Street Food
C01686,Fast Food
C01687,Continental
C01688,Italian
C01689,Indian
C01690,Chinese
C01691,South Indian
C01692,North Indian
C01693,Street Food
C01694,Fast Food
C01695,Continental
C01696,Italian
C01697,Indian
C01698,Chinese
C01699,South Indian
C01700,North Indian
C01701,Street Food
C01702,Fast Food
C01703,Continental
C01704,Italian
C01705,Indian
C01706,Chinese
C01707,South Indian
C01708,North Indian
C01709,Street Food
C01710,Fast Food
C01711,Continental
C01712,Italian
C01713,Indian
C01714,Chinese
C01715,South Indian
C01716,North Indian
C01717,Street Food
C01718,Fast Food
C01719,Continental
C01720,Italian
C01721,Indian
C01722,Chinese
C01723,South Indian
C01724,North Indian
C01725,Street Food
C01726,Fast Food
C01727,Continental
C01728,Italian
C01729,Indian
C01730,Chinese
C01731,South Indian
C01732,North Indian
C01733,Street Food
C01734,Fast Food
C01735,Continental
C01736,Italian
C01737,Indian
C01738,Chinese
C01739,South Indian
C01740,North Indian
C01741,Street Food
C01742,Fast Food
C01743,Continental
C01744,Italian
C01745,Indian
C01746,Chinese
C01747,South Indian
C01748,North Indian
C01749,Street Food
C01750,Fast Food
C01751,Continental
C01752,Italian
C01753,Indian
C01754,Chinese
C01755,South Indian
C01756,North Indian
C01757,Street Food
C01758,Fast Food
C01759,Continental
C01760,Italian
C01761,Indian
C01762,Chinese
C01763,South Indian
C01764,North Indian
C01765,Street Food
C01766,Fast Food
C01767,Continental
C01768,Italian
C01769,Indian
C01770,Chinese
C01771,South Indian
C01772,North Indian
C01773,Street Food
C01774,Fast Food
C01775,Continental
C01776,Italian
C01777,Indian
C01778,Chinese
C01779,South Indian
C01780,North Indian
C01781,Street Food
C01782,Fast Food
C01783,Continental
C01784,Italian
C01785,Indian
C01786,Chinese
C01787,South Indian
C01788,North Indian
C01789,Street Food
C01790,Fast Food
C01791,Continental
C01792,Italian
C01793,Indian
C01794,Chinese
C01795,South Indian
C01796,North Indian
C01797,Street Food
C01798,Fast Food
C01799,Continental
C01800,Italian
C01801,Indian
C01802,Chinese
C01803,South Indian
C01804,North Indian
C01805,Street Food
C01806,Fast Food
C01807,Continental
C01808,Italian
C01809,Indian
C01810,Chinese
C01811,South Indian
C01812,North Indian
C01813,Street Food
C01814,Fast Food
C01815,Continental
C01816,Italian
C01817,Indian
C01818,Chinese
C01819,South Indian
C01820,North Indian
C01821,Street Food
C01822,Fast Food
C01823,Continental
C01824,Italian
C01825,Indian
C01826,Chinese
C01827,South Indian
C01828,North Indian
C01829,Street Food
C01830,Fast Food
C01831,Continental
C01832,Italian
C01833,Indian
C01834,Chinese
C01835,South Indian
C01836,North Indian
C01837,Street Food
C01838,Fast Food
C01839,Continental
C01840,Italian
C01841,Indian
C01842,Chinese
C01843,South Indian
C01844,North Indian
C01845,Street Food
C01846,Fast Food
C01847,Continental
C01848,Italian
C01849,Indian
C01850,Chinese
C01851,South Indian
C01852,North Indian
C01853,Street Food
C01854,Fast Food
C01855,Continental
C01856,Italian
C01857,Indian
C01858,Chinese
C01859,South Indian
C01860,North Indian
C01861,Street Food
C01862,Fast Food
C01863,Continental
C01864,Italian
C01865,Indian
C01866,Chinese
C01867,South Indian
C01868,North Indian
C01869,Street Food
C01870,Fast Food
C01871,Continental
C01872,Italian
C01873,Indian
C01874,Chinese
C01875,South Indian
C01876,North Indian
C01877,Street Food
C01878,Fast Food
C01879,Continental
C01880,Italian
C01881,Indian
C01882,Chinese
C01883,South Indian
C01884,North Indian
C01885,Street Food
C01886,Fast Food
C01887,Continental
C01888,Italian
C01889,Indian
C01890,Chinese
C01891,South Indian
C01892,North Indian
C01893,Street Food
C01894,Fast Food
C01895,Continental
C01896,Italian
C01897,Indian
C01898,Chinese
C01899,South Indian
C01900,North Indian
C01901,Street Food
C01902,Fast Food
C01903,Continental
C01904,Italian
C01905,Indian
C01906,Chinese
C01907,South Indian
C01908,North Indian
C01909,Street Food
C01910,Fast Food
C01911,Continental
C01912,Italian
C01913,Indian
C01914,Chinese
C01915,South Indian
C01916,North Indian
C01917,Street Food
C01918,Fast Food
C01919,Continental
C01920,Italian
C01921,Indian
C01922,Chinese
C01923,South Indian
C01924,North Indian
C01925,Street Food
C01926,Fast Food
C01927,Continental
C01928,Italian
C01929,Indian
C01930,Chinese
C01931,South Indian
C01932,North Indian
C01933,Street Food
C01934,Fast Food
C01935,Continental
C01936,Italian
C01937,Indian
C01938,Chinese
C01939,South Indian
C01940,North Indian
C01941,Street Food
C01942,Fast Food
C01943,Continental
C01944,Italian
C01945,Indian
C01946,Chinese
C01947,South Indian
C01948,North Indian
C01949,Street Food
C01950,Fast Food
C01951,Continental
C01952,Italian
C01953,Indian
C01954,Chinese
C01955,South Indian
C01956,North Indian
C01957,Street Food
C01958,Fast Food
C01959,Continental
C01960,Italian
C01961,Indian
C01962,Chinese
C01963,South Indian
C01964,North Indian
C01965,Street Food
C01966,Fast Food
C01967,Continental
C01968,Italian
C01969,Indian
C01970,Chinese
C01971,South Indian
C01972,North Indian
C01973,Street Food
C01974,Fast Food
C01975,Continental
C01976,Italian
C01977,Indian
C01978,Chinese
C01979,South Indian
C01980,North Indian
C01981,Street Food
C01982,Fast Food
C01983,Continental
C01984,Italian
C01985,Indian
C01986,Chinese
C01987,South Indian
C01988,North Indian
C01989,Street Food
C01990,Fast Food
C01991,Continental
C01992,Italian
C01993,Indian
C01994,Chinese
C01995,South Indian
C01996,North Indian
C01997,Street Food
C01998,Fast Food
C01999,Continental
C02000,Italian
C02001,Indian
C02002,Chinese
C02003,South Indian
C02004,North Indian
C02005,Street Food
C02006,Fast Food
C02007,Continental
C02008,Italian
C02009,Indian
C02010,Chinese
C02011,South Indian
C02012,North Indian
C02013,Street Food
C02014,Fast Food
C02015,Continental
C02016,Italian
C02017,Indian
C02018,Chinese
C02019,South Indian
C02020,North Indian
C02021,Street Food
C02022,Fast Food
C02023,Continental
C02024,Italian
C02025,Indian
C02026,Chinese
C02027,South Indian
C02028,North Indian
C02029,Street Food
C02030,Fast Food
C02031,Continental
C02032,Italian
C02033,Indian
C02034,Chinese
C02035,South Indian
C02036,North Indian
C02037,Street Food
C02038,Fast Food
C02039,Continental
C02040,Italian
C02041,Indian
C02042,Chinese
C02043,South Indian
C02044,North Indian
C02045,Street Food
C02046,Fast Food
C02047,Continental
C02048,Italian
C02049,Indian
C02050,Chinese
C02051,South Indian
C02052,North Indian
C02053,Street Food
C02054,Fast Food
C02055,Continental
C02056,Italian
C02057,Indian
C02058,Chinese
C02059,South Indian
C02060,North Indian
C02061,Street Food
C02062,Fast Food
C02063,Continental
C02064,Italian
C02065,Indian
C02066,Chinese
C02067,South Indian
C02068,North Indian
C02069,Street Food
C02070,Fast Food
C02071,Continental
C02072,Italian
C02073,Indian
C02074,Chinese
C02075,South Indian
C02076,North Indian
C02077,Street Food
C02078,Fast Food
C02079,Continental
C02080,Italian
C02081,Indian
C02082,Chinese
C02083,South Indian
C02084,North Indian
C02085,Street Food
C02086,Fast Food
C02087,Continental
C02088,Italian
C02089,Indian
C02090,Chinese
C02091,South Indian
C02092,North Indian
C02093,Street Food
C02094,Fast Food
C02095,Continental
C02096,Italian
C02097,Indian
C02098,Chinese
C02099,South Indian
C02100,North Indian
C02101,Street Food
C02102,Fast Food
C02103,Continental
C02104,Italian
C02105,Indian
C02106,Chinese
C02107,South Indian
C02108,North Indian
C02109,Street Food
C02110,Fast Food
C02111,Continental
C02112,Italian
C02113,Indian
C02114,Chinese
C02115,South Indian
C02116,North Indian
C02117,Street Food
C02118,Fast Food
C02119,Continental
C02120,Italian
C02121,Indian
C02122,Chinese
C02123,South Indian
C02124,North Indian
C02125,Street Food
C02126,Fast Food
C02127,Continental
C02128,Italian
C02129,Indian
C02130,Chinese
C02131,South Indian
C02132,North Indian
C02133,Street Food
C02134,Fast Food
C02135,Continental
C02136,Italian
C02137,Indian
C02138,Chinese
C02139,South Indian
C02140,North Indian
C02141,Street Food
C02142,Fast Food
C02143,Continental
C02144,Italian
C02145,Indian
C02146,Chinese
C02147,South Indian
C02148,North Indian
C02149,Street Food
C02150,Fast Food
C02151,Continental
C02152,Italian
C02153,Indian
C02154,Chinese
C02155,South Indian
C02156,North Indian
C02157,Street Food
C02158,Fast Food
C02159,Continental
C02160,Italian
C02161,Indian
C02162,Chinese
C02163,South Indian
C02164,North Indian
C02165,Street Food
C02166,Fast Food
C02167,Continental
C02168,Italian
C02169,Indian
C02170,Chinese
C02171,South Indian
C02172,North Indian
C02173,Street Food
C02174,Fast Food
C02175,Continental
C02176,Italian
C02177,Indian
C02178,Chinese
C02179,South Indian
C02180,North Indian
C02181,Street Food
C02182,Fast Food
C02183,Continental
C02184,Italian
C02185,Indian
C02186,Chinese
C02187,South Indian
C02188,North Indian
C02189,Street Food
C02190,Fast Food
C02191,Continental
C02192,Italian
C02193,Indian
C02194,Chinese
C02195,South Indian
C02196,North Indian
C02197,Street Food
C02198,Fast Food
C02199,Continental
C02200,Italian
C02201,Indian
C02202,Chinese
C02203,South Indian
C02204,North Indian
C02205,Street Food
C02206,Fast Food
C02207,Continental
C02208,Italian
C02209,Indian
C02210,Chinese
C02211,South Indian
C02212,North Indian
C02213,Street Food
C02214,Fast Food
C02215,Continental
C02216,Italian
C02217,Indian
C02218,Chinese
C02219,South Indian
C02220,North Indian
C02221,Street Food
C02222,Fast Food
C02223,Continental
C02224,Italian
C02225,Indian
C02226,Chinese
C02227,South Indian
C02228,North Indian
C02229,Street Food
C02230,Fast Food
C02231,Continental
C02232,Italian
C02233,Indian
C02234,Chinese
C02235,South Indian
C02236,North Indian
C02237,Street Food
C02238,Fast Food
C02239,Continental
C02240,Italian
C02241,Indian
C02242,Chinese
C02243,South Indian
C02244,North Indian
C02245,Street Food
C02246,Fast Food
C02247,Continental
C02248,Italian
C02249,Indian
C02250,Chinese
C02251,South Indian
C02252,North Indian
C02253,Street Food
C02254,Fast Food
C02255,Continental
C02256,Italian
C02257,Indian
C02258,Chinese
C02259,South Indian
C02260,North Indian
C02261,Street Food
C02262,Fast Food
C02263,Continental
C02264,Italian
C02265,Indian
C02266,Chinese
C02267,South Indian
C02268,North Indian
C02269,Street Food
C02270,Fast Food
C02271,Continental
C02272,Italian
C02273,Indian
C02274,Chinese
C02275,South Indian
C02276,North Indian
C02277,Street Food
C02278,Fast Food
C02279,Continental
C02280,Italian
C02281,Indian
C02282,Chinese
C02283,South Indian
C02284,North Indian
C02285,Street Food
C02286,Fast Food
C02287,Continental
C02288,Italian
C02289,Indian
C02290,Chinese
C02291,South Indian
C02292,North Indian
C02293,Street Food
C02294,Fast Food
C02295,Continental
C02296,Italian
C02297,Indian
C02298,Chinese
C02299,South Indian
C02300,North Indian
C02301,Street Food
C02302,Fast Food
C02303,Continental
C02304,Italian
C02305,Indian
C02306,Chinese
C02307,South Indian
C02308,North Indian
C02309,Street Food
C02310,Fast Food
C02311,Continental
C02312,Italian
C02313,Indian
C02314,Chinese
C02315,South Indian
C02316,North Indian
C02317,Street Food
C02318,Fast Food
C02319,Continental
C02320,Italian
C02321,Indian
C02322,Chinese
C02323,South Indian
C02324,North Indian
C02325,Street Food
C02326,Fast Food
C02327,Continental
C02328,Italian
C02329,Indian
C02330,Chinese
C02331,South Indian
C02332,North Indian
C02333,Street Food
C02334,Fast Food
C02335,Continental
C02336,Italian
C02337,Indian
C02338,Chinese
C02339,South Indian
C02340,North Indian
C02341,Street Food
C02342,Fast Food
C02343,Continental
C02344,Italian
C02345,Indian
C02346,Chinese
C02347,South Indian
C02348,North Indian
C02349,Street Food
C02350,Fast Food
C02351,Continental
C02352,Italian
C02353,Indian
C02354,Chinese
C02355,South Indian
C02356,North Indian
C02357,Street Food
C02358,Fast Food
C02359,Continental
C02360,Italian
C02361,Indian
C02362,Chinese
C02363,South Indian
C02364,North Indian
C02365,Street Food
C02366,Fast Food
C02367,Continental
C02368,Italian
C02369,Indian
C02370,Chinese
C02371,South Indian
C02372,North Indian
C02373,Street Food
C02374,Fast Food
C02375,Continental
C02376,Italian
C02377,Indian
C02378,Chinese
C02379,South Indian
C02380,North Indian
C02381,Street Food
C02382,Fast Food
C02383,Continental
C02384,Italian
C02385,Indian
C02386,Chinese
C02387,South Indian
C02388,North Indian
C02389,Street Food
C02390,Fast Food
C02391,Continental
C02392,Italian
C02393,Indian
C02394,Chinese
C02395,South Indian
C02396,North Indian
C02397,Street Food
C02398,Fast Food
C02399,Continental
C02400,Italian
C02401,Indian
C02402,Chinese
C02403,South Indian
C02404,North Indian
C02405,Street Food
C02406,Fast Food
C02407,Continental
C02408,Italian
C02409,Indian
C02410,Chinese
C02411,South Indian
C02412,North Indian
C02413,Street Food
C02414,Fast Food
C02415,Continental
C02416,Italian
C02417,Indian
C02418,Chinese
C02419,South Indian
C02420,North Indian
C02421,Street Food
C02422,Fast Food
C02423,Continental
C02424,Italian
C02425,Indian
C02426,Chinese
C02427,South Indian
C02428,North Indian
C02429,Street Food
C02430,Fast Food
C02431,Continental
C02432,Italian
C02433,Indian
C02434,Chinese
C02435,South Indian
C02436,North Indian
C02437,Street Food
C02438,Fast Food
C02439,Continental
C02440,Italian
C02441,Indian
C02442,Chinese
C02443,South Indian
C02444,North Indian
C02445,Street Food
C02446,Fast Food
C02447,Continental
C02448,Italian
C02449,Indian
C02450,Chinese
C02451,South Indian
C02452,North Indian
C02453,Street Food
C02454,Fast Food
C02455,Continental
C02456,Italian
C02457,Indian
C02458,Chinese
C02459,South Indian
C02460,North Indian
C02461,Street Food
C02462,Fast Food
C02463,Continental
C02464,Italian
C02465,Indian
C02466,Chinese
C02467,South Indian
C02468,North Indian
C02469,Street Food
C02470,Fast Food
C02471,Continental
C02472,Italian
C02473,Indian
C02474,Chinese
C02475,South Indian
C02476,North Indian
C02477,Street Food
C02478,Fast Food
C02479,Continental
C02480,Italian
C02481,Indian
C02482,Chinese
C02483,South Indian
C02484,North Indian
C02485,Street Food
C02486,Fast Food
C02487,Continental
C02488,Italian
C02489,Indian
C02490,Chinese
C02491,South Indian
C02492,North Indian
C02493,Street Food
C02494,Fast Food
C02495,Continental
C02496,Italian
C02497,Indian
C02498,Chinese
C02499,South Indian
C02500,North Indian
C02501,Street Food
C02502,Fast Food
C02503,Continental
C02504,Italian
C02505,Indian
C02506,Chinese
C02507,South Indian
C02508,North Indian
C02509,Street Food
C02510,Fast Food
C02511,Continental
C02512,Italian
C02513,Indian
C02514,Chinese
C02515,South Indian
C02516,North Indian
C02517,Street Food
C02518,Fast Food
C02519,Continental
C02520,Italian
C02521,Indian
C02522,Chinese
C02523,South Indian
C02524,North Indian
C02525,Street Food
C02526,Fast Food
C02527,Continental
C02528,Italian
C02529,Indian
C02530,Chinese
C02531,South Indian
C02532,North Indian
C02533,Street Food
C02534,Fast Food
C02535,Continental
C02536,Italian
C02537,Indian
C02538,Chinese
C02539,South Indian
C02540,North Indian
C02541,Street Food
C02542,Fast Food
C02543,Continental
C02544,Italian
C02545,Indian
C02546,Chinese
C02547,South Indian
C02548,North Indian
C02549,Street Food
C02550,Fast Food
C02551,Continental
C02552,Italian
C02553,Indian
C02554,Chinese
C02555,South Indian
C02556,North Indian
C02557,Street Food
C02558,Fast Food
C02559,Continental
C02560,Italian
C02561,Indian
C02562,Chinese
C02563,South Indian
C02564,North Indian
C02565,Street Food
C02566,Fast Food
C02567,Continental
C02568,Italian
C02569,Indian
C02570,Chinese
C02571,South Indian
C02572,North Indian
C02573,Street Food
C02574,Fast Food
C02575,Continental
C02576,Italian
C02577,Indian
C02578,Chinese
C02579,South Indian
C02580,North Indian
C02581,Street Food
C02582,Fast Food
C02583,Continental
C02584,Italian
C02585,Indian
C02586,Chinese
C02587,South Indian
C02588,North Indian
C02589,Street Food
C02590,Fast Food
C02591,Continental
C02592,Italian
C02593,Indian
C02594,Chinese
C02595,South Indian
C02596,North Indian
C02597,Street Food
C02598,Fast Food
C02599,Continental
C02600,Italian
C02601,Indian
C02602,Chinese
C02603,South Indian
C02604,North Indian
C02605,Street Food
C02606,Fast Food
C02607,Continental
C02608,Italian
C02609,Indian
C02610,Chinese
C02611,South Indian
C02612,North Indian
C02613,Street Food
C02614,Fast Food
C02615,Continental
C02616,Italian
C02617,Indian
C02618,Chinese
C02619,South Indian
C02620,North Indian
C02621,Street Food
C02622,Fast Food
C02623,Continental
C02624,Italian
C02625,Indian
C02626,Chinese
C02627,South Indian
C02628,North Indian
C02629,Street Food
C02630,Fast Food
C02631,Continental
C02632,Italian
C02633,Indian
C02634,Chinese
C02635,South Indian
C02636,North Indian
C02637,Street Food
C02638,Fast Food
C02639,Continental
C02640,Italian
C02641,Indian
C02642,Chinese
C02643,South Indian
C02644,North Indian
C02645,Street Food
C02646,Fast Food
C02647,Continental
C02648,Italian
C02649,Indian
C02650,Chinese
C02651,South Indian
C02652,North Indian
C02653,Street Food
C02654,Fast Food
C02655,Continental
C02656,Italian
C02657,Indian
C02658,Chinese
C02659,South Indian
C02660,North Indian
C02661,Street Food
C02662,Fast Food
C02663,Continental
C02664,Italian
C02665,Indian
C02666,Chinese
C02667,South Indian
C02668,North Indian
C02669,Street Food
C02670,Fast Food
C02671,Continental
C02672,Italian
C02673,Indian
C02674,Chinese
C02675,South Indian
C02676,North Indian
C02677,Street Food
C02678,Fast Food
C02679,Continental
C02680,Italian
C02681,Indian
C02682,Chinese
C02683,South Indian
C02684,North Indian
C02685,Street Food
C02686,Fast Food
C02687,Continental
C02688,Italian
C02689,Indian
C02690,Chinese
C02691,South Indian
C02692,North Indian
C02693,Street Food
C02694,Fast Food
C02695,Continental
C02696,Italian
C02697,Indian
C02698,Chinese
C02699,South Indian
C02700,North Indian
C02701,Street Food
C02702,Fast Food
C02703,Continental
C02704,Italian
C02705,Indian
C02706,Chinese
C02707,South Indian
C02708,North Indian
C02709,Street Food
C02710,Fast Food
C02711,Continental
C02712,Italian
C02713,Indian
C02714,Chinese
C02715,South Indian
C02716,North Indian
C02717,Street Food
C02718,Fast Food
C02719,Continental
C02720,Italian
C02721,Indian
C02722,Chinese
C02723,South Indian
C02724,North Indian
C02725,Street Food
C02726,Fast Food
C02727,Continental
C02728,Italian
C02729,Indian
C02730,Chinese
C02731,South Indian
C02732,North Indian
C02733,Street Food
C02734,Fast Food
C02735,Continental
C02736,Italian
C02737,Indian
C02738,Chinese
C02739,South Indian
C02740,North Indian
C02741,Street Food
C02742,Fast Food
C02743,Continental
C02744,Italian
C02745,Indian
C02746,Chinese
C02747,South Indian
C02748,North Indian
C02749,Street Food
C02750,Fast Food
C02751,Continental
C02752,Italian
C02753,Indian
C02754,Chinese
C02755,South Indian
C02756,North Indian
C02757,Street Food
C02758,Fast Food
C02759,Continental
C02760,Italian
C02761,Indian
C02762,Chinese
C02763,South Indian
C02764,North Indian
C02765,Street Food
C02766,Fast Food
C02767,Continental
C02768,Italian
C02769,Indian
C02770,Chinese
C02771,South Indian
C02772,North Indian
C02773,Street Food
C02774,Fast Food
C02775,Continental
C02776,Italian
C02777,Indian
C02778,Chinese
C02779,South Indian
C02780,North Indian
C02781,Street Food
C02782,Fast Food
C02783,Continental
C02784,Italian
C02785,Indian
C02786,Chinese
C02787,South Indian
C02788,North Indian
C02789,Street Food
C02790,Fast Food
C02791,Continental
C02792,Italian
C02793,Indian
C02794,Chinese
C02795,South Indian
C02796,North Indian
C02797,Street Food
C02798,Fast Food
C02799,Continental
C02800,Italian
C02801,Indian
C02802,Chinese
C02803,South Indian
C02804,North Indian
C02805,Street Food
C02806,Fast Food
C02807,Continental
C02808,Italian
C02809,Indian
C02810,Chinese
C02811,South Indian
C02812,North Indian
C02813,Street Food
C02814,Fast Food
C02815,Continental
C02816,Italian
C02817,Indian
C02818,Chinese
C02819,South Indian
C02820,North Indian
C02821,Street Food
C02822,Fast Food
C02823,Continental
C02824,Italian
C02825,Indian
C02826,Chinese
C02827,South Indian
C02828,North Indian
C02829,Street Food
C02830,Fast Food
C02831,Continental
C02832,Italian
C02833,Indian
C02834,Chinese
C02835,South Indian
C02836,North Indian
C02837,Street Food
C02838,Fast Food
C02839,Continental
C02840,Italian
C02841,Indian
C02842,Chinese
C02843,South Indian
C02844,North Indian
C02845,Street Food
C02846,Fast Food
C02847,Continental
C02848,Italian
C02849,Indian
C02850,Chinese
C02851,South Indian
C02852,North Indian
C02853,Street Food
C02854,Fast Food
C02855,Continental
C02856,Italian
C02857,Indian
C02858,Chinese
C02859,South Indian
C02860,North Indian
C02861,Street Food
C02862,Fast Food
C02863,Continental
C02864,Italian
C02865,Indian
C02866,Chinese
C02867,South Indian
C02868,North Indian
C02869,Street Food
C02870,Fast Food
C02871,Continental
C02872,Italian
C02873,Indian
C02874,Chinese
C02875,South Indian
C02876,North Indian
C02877,Street Food
C02878,Fast Food
C02879,Continental
C02880,Italian
C02881,Indian
C02882,Chinese
C02883,South Indian
C02884,North Indian
C02885,Street Food
C02886,Fast Food
C02887,Continental
C02888,Italian
C02889,Indian
C02890,Chinese
C02891,South Indian
C02892,North Indian
C02893,Street Food
C02894,Fast Food
C02895,Continental
C02896,Italian
C02897,Indian
C02898,Chinese
C02899,South Indian
C02900,North Indian
C02901,Street Food
C02902,Fast Food
C02903,Continental
C02904,Italian
C02905,Indian
C02906,Chinese
C02907,South Indian
C02908,North Indian
C02909,Street Food
C02910,Fast Food
C02911,Continental
C02912,Italian
C02913,Indian
C02914,Chinese
C02915,South Indian
C02916,North Indian
C02917,Street Food
C02918,Fast Food
C02919,Continental
C02920,Italian
C02921,Indian
C02922,Chinese
C02923,South Indian
C02924,North Indian
C02925,Street Food
C02926,Fast Food
C02927,Continental
C02928,Italian
C02929,Indian
C02930,Chinese
C02931,South Indian
C02932,North Indian
C02933,Street Food
C02934,Fast Food
C02935,Continental
C02936,Italian
C02937,Indian
C02938,Chinese
C02939,South Indian
C02940,North Indian
C02941,Street Food
C02942,Fast Food
C02943,Continental
C02944,Italian
C02945,Indian
C02946,Chinese
C02947,South Indian
C02948,North Indian
C02949,Street Food
C02950,Fast Food
C02951,Continental
C02952,Italian
C02953,Indian
C02954,Chinese
C02955,South Indian
C02956,North Indian
C02957,Street Food
C02958,Fast Food
C02959,Continental
C02960,Italian
C02961,Indian
C02962,Chinese
C02963,South Indian
C02964,North Indian
C02965,Street Food
C02966,Fast Food
C02967,Continental
C02968,Italian
C02969,Indian
C02970,Chinese
C02971,South Indian
C02972,North Indian
C02973,Street Food
C02974,Fast Food
C02975,Continental
C02976,Italian
C02977,Indian
C02978,Chinese
C02979,South Indian
C02980,North Indian
C02981,Street Food
C02982,Fast Food
C02983,Continental
C02984,Italian
C02985,Indian
C02986,Chinese
C02987,South Indian
C02988,North Indian
C02989,Street Food
C02990,Fast Food
C02991,Continental
C02992,Italian
C02993,Indian
C02994,Chinese
C02995,South Indian
C02996,North Indian
C02997,Street Food
C02998,Fast Food
C02999,Continental
C03000,Italian
C03001,Indian
C03002,Chinese
C03003,South Indian
C03004,North Indian
C03005,Street Food
C03006,Fast Food
C03007,Continental
C03008,Italian
C03009,Indian
C03010,Chinese
C03011,South Indian
C03012,North Indian
C03013,Street Food
C03014,Fast Food
C03015,Continental
C03016,Italian
C03017,Indian
C03018,Chinese
C03019,South Indian
C03020,North Indian
C03021,Street Food
C03022,Fast Food
C03023,Continental
C03024,Italian
C03025,Indian
C03026,Chinese
C03027,South Indian
C03028,North Indian
C03029,Street Food
C03030,Fast Food
C03031,Continental
C03032,Italian
C03033,Indian
C03034,Chinese
C03035,South Indian
C03036,North Indian
C03037,Street Food
C03038,Fast Food
C03039,Continental
C03040,Italian
C03041,Indian
C03042,Chinese
C03043,South Indian
C03044,North Indian
C03045,Street Food
C03046,Fast Food
C03047,Continental
C03048,Italian
C03049,Indian
C03050,Chinese
C03051,South Indian
C03052,North Indian
C03053,Street Food
C03054,Fast Food
C03055,Continental
C03056,Italian
C03057,Indian
C03058,Chinese
C03059,South Indian
C03060,North Indian
C03061,Street Food
C03062,Fast Food
C03063,Continental
C03064,Italian
C03065,Indian
C03066,Chinese
C03067,South Indian
C03068,North Indian
C03069,Street Food
C03070,Fast Food
C03071,Continental
C03072,Italian
C03073,Indian
C03074,Chinese
C03075,South Indian
C03076,North Indian
C03077,Street Food
C03078,Fast Food
C03079,Continental
C03080,Italian
C03081,Indian
C03082,Chinese
C03083,South Indian
C03084,North Indian
C03085,Street Food
C03086,Fast Food
C03087,Continental
C03088,Italian
C03089,Indian
C03090,Chinese
C03091,South Indian
C03092,North Indian
C03093,Street Food
C03094,Fast Food
C03095,Continental
C03096,Italian
C03097,Indian
C03098,Chinese
C03099,South Indian
C03100,North Indian
C03101,Street Food
C03102,Fast Food
C03103,Continental
C03104,Italian
C03105,Indian
C03106,Chinese
C03107,South Indian
C03108,North Indian
C03109,Street Food
C03110,Fast Food
C03111,Continental
C03112,Italian
C03113,Indian
C03114,Chinese
C03115,South Indian
C03116,North Indian
C03117,Street Food
C03118,Fast Food
C03119,Continental
C03120,Italian
C03121,Indian
C03122,Chinese
C03123,South Indian
C03124,North Indian
C03125,Street Food
C03126,Fast Food
C03127,Continental
C03128,Italian
C03129,Indian
C03130,Chinese
C03131,South Indian
C03132,North Indian
C03133,Street Food
C03134,Fast Food
C03135,Continental
C03136,Italian
C03137,Indian
C03138,Chinese
C03139,South Indian
C03140,North Indian
C03141,Street Food
C03142,Fast Food
C03143,Continental
C03144,Italian
C03145,Indian
C03146,Chinese
C03147,South Indian
C03148,North Indian
C03149,Street Food
C03150,Fast Food
C03151,Continental
C03152,Italian
C03153,Indian
C03154,Chinese
C03155,South Indian
C03156,North Indian
C03157,Street Food
C03158,Fast Food
C03159,Continental
C03160,Italian
C03161,Indian
C03162,Chinese
C03163,South Indian
C03164,North Indian
C03165,Street Food
C03166,Fast Food
C03167,Continental
C03168,Italian
C03169,Indian
C03170,Chinese
C03171,South Indian
C03172,North Indian
C03173,Street Food
C03174,Fast Food
C03175,Continental
C03176,Italian
C03177,Indian
C03178,Chinese
C03179,South Indian
C03180,North Indian
C03181,Street Food
C03182,Fast Food
C03183,Continental
C03184,Italian
C03185,Indian
C03186,Chinese
C03187,South Indian
C03188,North Indian
C03189,Street Food
C03190,Fast Food
C03191,Continental
C03192,Italian
C03193,Indian
C03194,Chinese
C03195,South Indian
C03196,North Indian
C03197,Street Food
C03198,Fast Food
C03199,Continental
C03200,Italian
C03201,Indian
C03202,Chinese
C03203,South Indian
C03204,North Indian
C03205,Street Food
C03206,Fast Food
C03207,Continental
C03208,Italian
C03209,Indian
C03210,Chinese
C03211,South Indian
C03212,North Indian
C03213,Street Food
C03214,Fast Food
C03215,Continental
C03216,Italian
C03217,Indian
C03218,Chinese
C03219,South Indian
C03220,North Indian
C03221,Street Food
C03222,Fast Food
C03223,Continental
C03224,Italian
C03225,Indian
C03226,Chinese
C03227,South Indian
C03228,North Indian
C03229,Street Food
C03230,Fast Food
C03231,Continental
C03232,Italian
C03233,Indian
C03234,Chinese
C03235,South Indian
C03236,North Indian
C03237,Street Food
C03238,Fast Food
C03239,Continental
C03240,Italian
C03241,Indian
C03242,Chinese
C03243,South Indian
C03244,North Indian
C03245,Street Food
C03246,Fast Food
C03247,Continental
C03248,Italian
C03249,Indian
C03250,Chinese
C03251,South Indian
C03252,North Indian
C03253,Street Food
C03254,Fast Food
C03255,Continental
C03256,Italian
C03257,Indian
C03258,Chinese
C03259,South Indian
C03260,North Indian
C03261,Street Food
C03262,Fast Food
C03263,Continental
C03264,Italian
C03265,Indian
C03266,Chinese
C03267,South Indian
C03268,North Indian
C03269,Street Food
C03270,Fast Food
C03271,Continental
C03272,Italian
C03273,Indian
C03274,Chinese
C03275,South Indian
C03276,North Indian
C03277,Street Food
C03278,Fast Food
C03279,Continental
C03280,Italian
C03281,Indian
C03282,Chinese
C03283,South Indian
C03284,North Indian
C03285,Street Food
C03286,Fast Food
C03287,Continental
C03288,Italian
C03289,Indian
C03290,Chinese
C03291,South Indian
C03292,North Indian
C03293,Street Food
C03294,Fast Food
C03295,Continental
C03296,Italian
C03297,Indian
C03298,Chinese
C03299,South Indian
C03300,North Indian
C03301,Street Food
C03302,Fast Food
C03303,Continental
C03304,Italian
C03305,Indian
C03306,Chinese
C03307,South Indian
C03308,North Indian
C03309,Street Food
C03310,Fast Food
C03311,Continental
C03312,Italian
C03313,Indian
C03314,Chinese
C03315,South Indian
C03316,North Indian
C03317,Street Food
C03318,Fast Food
C03319,Continental
C03320,Italian
C03321,Indian
C03322,Chinese
C03323,South Indian
C03324,North Indian
C03325,Street Food
C03326,Fast Food
C03327,Continental
C03328,Italian
C03329,Indian
C03330,Chinese
C03331,South Indian
C03332,North Indian
C03333,Street Food
C03334,Fast Food
C03335,Continental
C03336,Italian
C03337,Indian
C03338,Chinese
C03339,South Indian
C03340,North Indian
C03341,Street Food
C03342,Fast Food
C03343,Continental
C03344,Italian
C03345,Indian
C03346,Chinese
C03347,South Indian
C03348,North Indian
C03349,Street Food
C03350,Fast Food
C03351,Continental
C03352,Italian
C03353,Indian
C03354,Chinese
C03355,South Indian
C03356,North Indian
C03357,Street Food
C03358,Fast Food
C03359,Continental
C03360,Italian
C03361,Indian
C03362,Chinese
C03363,South Indian
C03364,North Indian
C03365,Street Food
C03366,Fast Food
C03367,Continental
C03368,Italian
C03369,Indian
C03370,Chinese
C03371,South Indian
C03372,North Indian
C03373,Street Food
C03374,Fast Food
C03375,Continental
C03376,Italian
C03377,Indian
C03378,Chinese
C03379,South Indian
C03380,North Indian
C03381,Street Food
C03382,Fast Food
C03383,Continental
C03384,Italian
C03385,Indian
C03386,Chinese
C03387,South Indian
C03388,North Indian
C03389,Street Food
C03390,Fast Food
C03391,Continental
C03392,Italian
C03393,Indian
C03394,Chinese
C03395,South Indian
C03396,North Indian
C03397,Street Food
C03398,Fast Food
C03399,Continental
C03400,Italian
C03401,Indian
C03402,Chinese
C03403,South Indian
C03404,North Indian
C03405,Street Food
C03406,Fast Food
C03407,Continental
C03408,Italian
C03409,Indian
C03410,Chinese
C03411,South Indian
C03412,North Indian
C03413,Street Food
C03414,Fast Food
C03415,Continental
C03416,Italian
C03417,Indian
C03418,Chinese
C03419,South Indian
C03420,North Indian
C03421,Street Food
C03422,Fast Food
C03423,Continental
C03424,Italian
C03425,Indian
C03426,Chinese
C03427,South Indian
C03428,North Indian
C03429,Street Food
C03430,Fast Food
C03431,Continental
C03432,Italian
C03433,Indian
C03434,Chinese
C03435,South Indian
C03436,North Indian
C03437,Street Food
C03438,Fast Food
C03439,Continental
C03440,Italian
C03441,Indian
C03442,Chinese
C03443,South Indian
C03444,North Indian
C03445,Street Food
C03446,Fast Food
C03447,Continental
C03448,Italian
C03449,Indian
C03450,Chinese
C03451,South Indian
C03452,North Indian
C03453,Street Food
C03454,Fast Food
C03455,Continental
C03456,Italian
C03457,Indian
C03458,Chinese
C03459,South Indian
C03460,North Indian
C03461,Street Food
C03462,Fast Food
C03463,Continental
C03464,Italian
C03465,Indian
C03466,Chinese
C03467,South Indian
C03468,North Indian
C03469,Street Food
C03470,Fast Food
C03471,Continental
C03472,Italian
C03473,Indian
C03474,Chinese
C03475,South Indian
C03476,North Indian
C03477,Street Food
C03478,Fast Food
C03479,Continental
C03480,Italian
C03481,Indian
C03482,Chinese
C03483,South Indian
C03484,North Indian
C03485,Street Food
C03486,Fast Food
C03487,Continental
C03488,Italian
C03489,Indian
C03490,Chinese
C03491,South Indian
C03492,North Indian
C03493,Street Food
C03494,Fast Food
C03495,Continental
C03496,Italian
C03497,Indian
C03498,Chinese
C03499,South Indian
C03500,North Indian
C03501,Street Food
C03502,Fast Food
C03503,Continental
C03504,Italian
C03505,Indian
C03506,Chinese
C03507,South Indian
C03508,North Indian
C03509,Street Food
C03510,Fast Food
C03511,Continental
C03512,Italian
C03513,Indian
C03514,Chinese
C03515,South Indian
C03516,North Indian
C03517,Street Food
C03518,Fast Food
C03519,Continental
C03520,Italian
C03521,Indian
C03522,Chinese
C03523,South Indian
C03524,North Indian
C03525,Street Food
C03526,Fast Food
C03527,Continental
C03528,Italian
C03529,Indian
C03530,Chinese
C03531,South Indian
C03532,North Indian
C03533,Street Food
C03534,Fast Food
C03535,Continental
C03536,Italian
C03537,Indian
C03538,Chinese
C03539,South Indian
C03540,North Indian
C03541,Street Food
C03542,Fast Food
C03543,Continental
C03544,Italian
C03545,Indian
C03546,Chinese
C03547,South Indian
C03548,North Indian
C03549,Street Food
C03550,Fast Food
C03551,Continental
C03552,Italian
C03553,Indian
C03554,Chinese
C03555,South Indian
C03556,North Indian
C03557,Street Food
C03558,Fast Food
C03559,Continental
C03560,Italian
C03561,Indian
C03562,Chinese
C03563,South Indian
C03564,North Indian
C03565,Street Food
C03566,Fast Food
C03567,Continental
C03568,Italian
C03569,Indian
C03570,Chinese
C03571,South Indian
C03572,North Indian
C03573,Street Food
C03574,Fast Food
C03575,Continental
C03576,Italian
C03577,Indian
C03578,Chinese
C03579,South Indian
C03580,North Indian
C03581,Street Food
C03582,Fast Food
C03583,Continental
C03584,Italian
C03585,Indian
C03586,Chinese
C03587,South Indian
C03588,North Indian
C03589,Street Food
C03590,Fast Food
C03591,Continental
C03592,Italian
C03593,Indian
C03594,Chinese
C03595,South Indian
C03596,North Indian
C03597,Street Food
C03598,Fast Food
C03599,Continental
C03600,Italian
C03601,Indian
C03602,Chinese
C03603,South Indian
C03604,North Indian
C03605,Street Food
C03606,Fast Food
C03607,Continental
C03608,Italian
C03609,Indian
C03610,Chinese
C03611,South Indian
C03612,North Indian
C03613,Street Food
C03614,Fast Food
C03615,Continental
C03616,Italian
C03617,Indian
C03618,Chinese
C03619,South Indian
C03620,North Indian
C03621,Street Food
C03622,Fast Food
C03623,Continental
C03624,Italian
C03625,Indian
C03626,Chinese
C03627,South Indian
C03628,North Indian
C03629,Street Food
C03630,Fast Food
C03631,Continental
C03632,Italian
C03633,Indian
C03634,Chinese
C03635,South Indian
C03636,North Indian
C03637,Street Food
C03638,Fast Food
C03639,Continental
C03640,Italian
C03641,Indian
C03642,Chinese
C03643,South Indian
C03644,North Indian
C03645,Street Food
C03646,Fast Food
C03647,Continental
C03648,Italian
C03649,Indian
C03650,Chinese
C03651,South Indian
C03652,North Indian
C03653,Street Food
C03654,Fast Food
C03655,Continental
C03656,Italian
C03657,Indian
C03658,Chinese
C03659,South Indian
C03660,North Indian
C03661,Street Food
C03662,Fast Food
C03663,Continental
C03664,Italian
C03665,Indian
C03666,Chinese
C03667,South Indian
C03668,North Indian
C03669,Street Food
C03670,Fast Food
C03671,Continental
C03672,Italian
C03673,Indian
C03674,Chinese
C03675,South Indian
C03676,North Indian
C03677,Street Food
C03678,Fast Food
C03679,Continental
C03680,Italian
C03681,Indian
C03682,Chinese
C03683,South Indian
C03684,North Indian
C03685,Street Food
C03686,Fast Food
C03687,Continental
C03688,Italian
C03689,Indian
C03690,Chinese
C03691,South Indian
C03692,North Indian
C03693,Street Food
C03694,Fast Food
C03695,Continental
C03696,Italian
C03697,Indian
C03698,Chinese
C03699,South Indian
C03700,North Indian
C03701,Street Food
C03702,Fast Food
C03703,Continental
C03704,Italian
C03705,Indian
C03706,Chinese
C03707,South Indian
C03708,North Indian
C03709,Street Food
C03710,Fast Food
C03711,Continental
C03712,Italian
C03713,Indian
C03714,Chinese
C03715,South Indian
C03716,North Indian
C03717,Street Food
C03718,Fast Food
C03719,Continental
C03720,Italian
C03721,Indian
C03722,Chinese
C03723,South Indian
C03724,North Indian
C03725,Street Food
C03726,Fast Food
C03727,Continental
C03728,Italian
C03729,Indian
C03730,Chinese
C03731,South Indian
C03732,North Indian
C03733,Street Food
C03734,Fast Food
C03735,Continental
C03736,Italian
C03737,Indian
C03738,Chinese
C03739,South Indian
C03740,North Indian
C03741,Street Food
C03742,Fast Food
C03743,Continental
C03744,Italian
C03745,Indian
C03746,Chinese
C03747,South Indian
C03748,North Indian
C03749,Street Food
C03750,Fast Food
C03751,Continental
C03752,Italian
C03753,Indian
C03754,Chinese
C03755,South Indian
C03756,North Indian
C03757,Street Food
C03758,Fast Food
C03759,Continental
C03760,Italian
C03761,Indian
C03762,Chinese
C03763,South Indian
C03764,North Indian
C03765,Street Food
C03766,Fast Food
C03767,Continental
C03768,Italian
C03769,Indian
C03770,Chinese
C03771,South Indian
C03772,North Indian
C03773,Street Food
C03774,Fast Food
C03775,Continental
C03776,Italian
C03777,Indian
C03778,Chinese
C03779,South Indian
C03780,North Indian
C03781,Street Food
C03782,Fast Food
C03783,Continental
C03784,Italian
C03785,Indian
C03786,Chinese
C03787,South Indian
C03788,North Indian
C03789,Street Food
C03790,Fast Food
C03791,Continental
C03792,Italian
C03793,Indian
C03794,Chinese
C03795,South Indian
C03796,North Indian
C03797,Street Food
C03798,Fast Food
C03799,Continental
C03800,Italian
C03801,Indian
C03802,Chinese
C03803,South Indian
C03804,North Indian
C03805,Street Food
C03806,Fast Food
C03807,Continental
C03808,Italian
C03809,Indian
C03810,Chinese
C03811,South Indian
C03812,North Indian
C03813,Street Food
C03814,Fast Food
C03815,Continental
C03816,Italian
C03817,Indian
C03818,Chinese
C03819,South Indian
C03820,North Indian
C03821,Street Food
C03822,Fast Food
C03823,Continental
C03824,Italian
C03825,Indian
C03826,Chinese
C03827,South Indian
C03828,North Indian
C03829,Street Food
C03830,Fast Food
C03831,Continental
C03832,Italian
C03833,Indian
C03834,Chinese
C03835,South Indian
C03836,North Indian
C03837,Street Food
C03838,Fast Food
C03839,Continental
C03840,Italian
C03841,Indian
C03842,Chinese
C03843,South Indian
C03844,North Indian
C03845,Street Food
C03846,Fast Food
C03847,Continental
C03848,Italian
C03849,Indian
C03850,Chinese
C03851,South Indian
C03852,North Indian
C03853,Street Food
C03854,Fast Food
C03855,Continental
C03856,Italian
C03857,Indian
C03858,Chinese
C03859,South Indian
C03860,North Indian
C03861,Street Food
C03862,Fast Food
C03863,Continental
C03864,Italian
C03865,Indian
C03866,Chinese
C03867,South Indian
C03868,North Indian
C03869,Street Food
C03870,Fast Food
C03871,Continental
C03872,Italian
C03873,Indian
C03874,Chinese
C03875,South Indian
C03876,North Indian
C03877,Street Food
C03878,Fast Food
C03879,Continental
C03880,Italian
C03881,Indian
C03882,Chinese
C03883,South Indian
C03884,North Indian
C03885,Street Food
C03886,Fast Food
C03887,Continental
C03888,Italian
C03889,Indian
C03890,Chinese
C03891,South Indian
C03892,North Indian
C03893,Street Food
C03894,Fast Food
C03895,Continental
C03896,Italian
C03897,Indian
C03898,Chinese
C03899,South Indian
C03900,North Indian
C03901,Street Food
C03902,Fast Food
C03903,Continental
C03904,Italian
C03905,Indian
C03906,Chinese
C03907,South Indian
C03908,North Indian
C03909,Street Food
C03910,Fast Food
C03911,Continental
C03912,Italian
C03913,Indian
C03914,Chinese
C03915,South Indian
C03916,North Indian
C03917,Street Food
C03918,Fast Food
C03919,Continental
C03920,Italian
C03921,Indian
C03922,Chinese
C03923,South Indian
C03924,North Indian
C03925,Street Food
C03926,Fast Food
C03927,Continental
C03928,Italian
C03929,Indian
C03930,Chinese
C03931,South Indian
C03932,North Indian
C03933,Street Food
C03934,Fast Food
C03935,Continental
C03936,Italian
C03937,Indian
C03938,Chinese
C03939,South Indian
C03940,North Indian
C03941,Street Food
C03942,Fast Food
C03943,Continental
C03944,Italian
C03945,Indian
C03946,Chinese
C03947,South Indian
C03948,North Indian
C03949,Street Food
C03950,Fast Food
C03951,Continental
C03952,Italian
C03953,Indian
C03954,Chinese
C03955,South Indian
C03956,North Indian
C03957,Street Food
C03958,Fast Food
C03959,Continental
C03960,Italian
C03961,Indian
C03962,Chinese
C03963,South Indian
C03964,North Indian
C03965,Street Food
C03966,Fast Food
C03967,Continental
C03968,Italian
C03969,Indian
C03970,Chinese
C03971,South Indian
C03972,North Indian
C03973,Street Food
C03974,Fast Food
C03975,Continental
C03976,Italian
C03977,Indian
C03978,Chinese
C03979,South Indian
C03980,North Indian
C03981,Street Food
C03982,Fast Food
C03983,Continental
C03984,Italian
C03985,Indian
C03986,Chinese
C03987,South Indian
C03988,North Indian
C03989,Street Food
C03990,Fast Food
C03991,Continental
C03992,Italian
C03993,Indian
C03994,Chinese
C03995,South Indian
C03996,North Indian
C03997,Street Food
C03998,Fast Food
C03999,Continental
C04000,Italian
C04001,Indian
C04002,Chinese
C04003,South Indian
C04004,North Indian
C04005,Street Food
C04006,Fast Food
C04007,Continental
C04008,Italian
C04009,Indian
C04010,Chinese
C04011,South Indian
C04012,North Indian
C04013,Street Food
C04014,Fast Food
C04015,Continental
C04016,Italian
C04017,Indian
C04018,Chinese
C04019,South Indian
C04020,North Indian
C04021,Street Food
C04022,Fast Food
C04023,Continental
C04024,Italian
C04025,Indian
C04026,Chinese
C04027,South Indian
C04028,North Indian
C04029,Street Food
C04030,Fast Food
C04031,Continental
C04032,Italian
C04033,Indian
C04034,Chinese
C04035,South Indian
C04036,North Indian
C04037,Street Food
C04038,Fast Food
C04039,Continental
C04040,Italian
C04041,Indian
C04042,Chinese
C04043,South Indian
C04044,North Indian
C04045,Street Food
C04046,Fast Food
C04047,Continental
C04048,Italian
C04049,Indian
C04050,Chinese
C04051,South Indian
C04052,North Indian
C04053,Street Food
C04054,Fast Food
C04055,Continental
C04056,Italian
C04057,Indian
C04058,Chinese
C04059,South Indian
C04060,North Indian
C04061,Street Food
C04062,Fast Food
C04063,Continental
C04064,Italian
C04065,Indian
C04066,Chinese
C04067,South Indian
C04068,North Indian
C04069,Street Food
C04070,Fast Food
C04071,Continental
C04072,Italian
C04073,Indian
C04074,Chinese
C04075,South Indian
C04076,North Indian
C04077,Street Food
C04078,Fast Food
C04079,Continental
C04080,Italian
C04081,Indian
C04082,Chinese
C04083,South Indian
C04084,North Indian
C04085,Street Food
C04086,Fast Food
C04087,Continental
C04088,Italian
C04089,Indian
C04090,Chinese
C04091,South Indian
C04092,North Indian
C04093,Street Food
C04094,Fast Food
C04095,Continental
C04096,Italian
C04097,Indian
C04098,Chinese
C04099,South Indian
C04100,North Indian
C04101,Street Food
C04102,Fast Food
C04103,Continental
C04104,Italian
C04105,Indian
C04106,Chinese
C04107,South Indian
C04108,North Indian
C04109,Street Food
C04110,Fast Food
C04111,Continental
C04112,Italian
C04113,Indian
C04114,Chinese
C04115,South Indian
C04116,North Indian
C04117,Street Food
C04118,Fast Food
C04119,Continental
C04120,Italian
C04121,Indian
C04122,Chinese
C04123,South Indian
C04124,North Indian
C04125,Street Food
C04126,Fast Food
C04127,Continental
C04128,Italian
C04129,Indian
C04130,Chinese
C04131,South Indian
C04132,North Indian
C04133,Street Food
C04134,Fast Food
C04135,Continental
C04136,Italian
C04137,Indian
C04138,Chinese
C04139,South Indian
C04140,North Indian
C04141,Street Food
C04142,Fast Food
C04143,Continental
C04144,Italian
C04145,Indian
C04146,Chinese
C04147,South Indian
C04148,North Indian
C04149,Street Food
C04150,Fast Food
C04151,Continental
C04152,Italian
C04153,Indian
C04154,Chinese
C04155,South Indian
C04156,North Indian
C04157,Street Food
C04158,Fast Food
C04159,Continental
C04160,Italian
C04161,Indian
C04162,Chinese
C04163,South Indian
C04164,North Indian
C04165,Street Food
C04166,Fast Food
C04167,Continental
C04168,Italian
C04169,Indian
C04170,Chinese
C04171,South Indian
C04172,North Indian
C04173,Street Food
C04174,Fast Food
C04175,Continental
C04176,Italian
C04177,Indian
C04178,Chinese
C04179,South Indian
C04180,North Indian
C04181,Street Food
C04182,Fast Food
C04183,Continental
C04184,Italian
C04185,Indian
C04186,Chinese
C04187,South Indian
C04188,North Indian
C04189,Street Food
C04190,Fast Food
C04191,Continental
C04192,Italian
C04193,Indian
C04194,Chinese
C04195,South Indian
C04196,North Indian
C04197,Street Food
C04198,Fast Food
C04199,Continental
C04200,Italian
C04201,Indian
C04202,Chinese
C04203,South Indian
C04204,North Indian
C04205,Street Food
C04206,Fast Food
C04207,Continental
C04208,Italian
C04209,Indian
C04210,Chinese
C04211,South Indian
C04212,North Indian
C04213,Street Food
C04214,Fast Food
C04215,Continental
C04216,Italian
C04217,Indian
C04218,Chinese
C04219,South Indian
C04220,North Indian
C04221,Street Food
C04222,Fast Food
C04223,Continental
C04224,Italian
C04225,Indian
C04226,Chinese
C04227,South Indian
C04228,North Indian
C04229,Street Food
C04230,Fast Food
C04231,Continental
C04232,Italian
C04233,Indian
C04234,Chinese
C04235,South Indian
C04236,North Indian
C04237,Street Food
C04238,Fast Food
C04239,Continental
C04240,Italian
C04241,Indian
C04242,Chinese
C04243,South Indian
C04244,North Indian
C04245,Street Food
C04246,Fast Food
C04247,Continental
C04248,Italian
C04249,Indian
C04250,Chinese
C04251,South Indian
C04252,North Indian
C04253,Street Food
C04254,Fast Food
C04255,Continental
C04256,Italian
C04257,Indian
C04258,Chinese
C04259,South Indian
C04260,North Indian
C04261,Street Food
C04262,Fast Food
C04263,Continental
C04264,Italian
C04265,Indian
C04266,Chinese
C04267,South Indian
C04268,North Indian
C04269,Street Food
C04270,Fast Food
C04271,Continental
C04272,Italian
C04273,Indian
C04274,Chinese
C04275,South Indian
C04276,North Indian
C04277,Street Food
C04278,Fast Food
C04279,Continental
C04280,Italian
C04281,Indian
C04282,Chinese
C04283,South Indian
C04284,North Indian
C04285,Street Food
C04286,Fast Food
C04287,Continental
C04288,Italian
C04289,Indian
C04290,Chinese
C04291,South Indian
C04292,North Indian
C04293,Street Food
C04294,Fast Food
C04295,Continental
C04296,Italian
C04297,Indian
C04298,Chinese
C04299,South Indian
C04300,North Indian
C04301,Street Food
C04302,Fast Food
C04303,Continental
C04304,Italian
C04305,Indian
C04306,Chinese
C04307,South Indian
C04308,North Indian
C04309,Street Food
C04310,Fast Food
C04311,Continental
C04312,Italian
C04313,Indian
C04314,Chinese
C04315,South Indian
C04316,North Indian
C04317,Street Food
C04318,Fast Food
C04319,Continental
C04320,Italian
C04321,Indian
C04322,Chinese
C04323,South Indian
C04324,North Indian
C04325,Street Food
C04326,Fast Food
C04327,Continental
C04328,Italian
C04329,Indian
C04330,Chinese
C04331,South Indian
C04332,North Indian
C04333,Street Food
C04334,Fast Food
C04335,Continental
C04336,Italian
C04337,Indian
C04338,Chinese
C04339,South Indian
C04340,North Indian
C04341,Street Food
C04342,Fast Food
C04343,Continental
C04344,Italian
C04345,Indian
C04346,Chinese
C04347,South Indian
C04348,North Indian
C04349,Street Food
C04350,Fast Food
C04351,Continental
C04352,Italian
C04353,Indian
C04354,Chinese
C04355,South Indian
C04356,North Indian
C04357,Street Food
C04358,Fast Food
C04359,Continental
C04360,Italian
C04361,Indian
C04362,Chinese
C04363,South Indian
C04364,North Indian
C04365,Street Food
C04366,Fast Food
C04367,Continental
C04368,Italian
C04369,Indian
C04370,Chinese
C04371,South Indian
C04372,North Indian
C04373,Street Food
C04374,Fast Food
C04375,Continental
C04376,Italian
C04377,Indian
C04378,Chinese
C04379,South Indian
C04380,North Indian
C04381,Street Food
C04382,Fast Food
C04383,Continental
C04384,Italian
C04385,Indian
C04386,Chinese
C04387,South Indian
C04388,North Indian
C04389,Street Food
C04390,Fast Food
C04391,Continental
C04392,Italian
C04393,Indian
C04394,Chinese
C04395,South Indian
C04396,North Indian
C04397,Street Food
C04398,Fast Food
C04399,Continental
C04400,Italian
C04401,Indian
C04402,Chinese
C04403,South Indian
C04404,North Indian
C04405,Street Food
C04406,Fast Food
C04407,Continental
C04408,Italian
C04409,Indian
C04410,Chinese
C04411,South Indian
C04412,North Indian
C04413,Street Food
C04414,Fast Food
C04415,Continental
C04416,Italian
C04417,Indian
C04418,Chinese
C04419,South Indian
C04420,North Indian
C04421,Street Food
C04422,Fast Food
C04423,Continental
C04424,Italian
C04425,Indian
C04426,Chinese
C04427,South Indian
C04428,North Indian
C04429,Street Food
C04430,Fast Food
C04431,Continental
C04432,Italian
C04433,Indian
C04434,Chinese
C04435,South Indian
C04436,North Indian
C04437,Street Food
C04438,Fast Food
C04439,Continental
C04440,Italian
C04441,Indian
C04442,Chinese
C04443,South Indian
C04444,North Indian
C04445,Street Food
C04446,Fast Food
C04447,Continental
C04448,Italian
C04449,Indian
C04450,Chinese
C04451,South Indian
C04452,North Indian
C04453,Street Food
C04454,Fast Food
C04455,Continental
C04456,Italian
C04457,Indian
C04458,Chinese
C04459,South Indian
C04460,North Indian
C04461,Street Food
C04462,Fast Food
C04463,Continental
C04464,Italian
C04465,Indian
C04466,Chinese
C04467,South Indian
C04468,North Indian
C04469,Street Food
C04470,Fast Food
C04471,Continental
C04472,Italian
C04473,Indian
C04474,Chinese
C04475,South Indian
C04476,North Indian
C04477,Street Food
C04478,Fast Food
C04479,Continental
C04480,Italian
C04481,Indian
C04482,Chinese
C04483,South Indian
C04484,North Indian
C04485,Street Food
C04486,Fast Food
C04487,Continental
C04488,Italian
C04489,Indian
C04490,Chinese
C04491,South Indian
C04492,North Indian
C04493,Street Food
C04494,Fast Food
C04495,Continental
C04496,Italian
C04497,Indian
C04498,Chinese
C04499,South Indian
C04500,North Indian
C04501,Street Food
C04502,Fast Food
C04503,Continental
C04504,Italian
C04505,Indian
C04506,Chinese
C04507,South Indian
C04508,North Indian
C04509,Street Food
C04510,Fast Food
C04511,Continental
C04512,Italian
C04513,Indian
C04514,Chinese
C04515,South Indian
C04516,North Indian
C04517,Street Food
C04518,Fast Food
C04519,Continental
C04520,Italian
C04521,Indian
C04522,Chinese
C04523,South Indian
C04524,North Indian
C04525,Street Food
C04526,Fast Food
C04527,Continental
C04528,Italian
C04529,Indian
C04530,Chinese
C04531,South Indian
C04532,North Indian
C04533,Street Food
C04534,Fast Food
C04535,Continental
C04536,Italian
C04537,Indian
C04538,Chinese
C04539,South Indian
C04540,North Indian
C04541,Street Food
C04542,Fast Food
C04543,Continental
C04544,Italian
C04545,Indian
C04546,Chinese
C04547,South Indian
C04548,North Indian
C04549,Street Food
C04550,Fast Food
C04551,Continental
C04552,Italian
C04553,Indian
C04554,Chinese
C04555,South Indian
C04556,North Indian
C04557,Street Food
C04558,Fast Food
C04559,Continental
C04560,Italian
C04561,Indian
C04562,Chinese
C04563,South Indian
C04564,North Indian
C04565,Street Food
C04566,Fast Food
C04567,Continental
C04568,Italian
C04569,Indian
C04570,Chinese
C04571,South Indian
C04572,North Indian
C04573,Street Food
C04574,Fast Food
C04575,Continental
C04576,Italian
C04577,Indian
C04578,Chinese
C04579,South Indian
C04580,North Indian
C04581,Street Food
C04582,Fast Food
C04583,Continental
C04584,Italian
C04585,Indian
C04586,Chinese
C04587,South Indian
C04588,North Indian
C04589,Street Food
C04590,Fast Food
C04591,Continental
C04592,Italian
C04593,Indian
C04594,Chinese
C04595,South Indian
C04596,North Indian
C04597,Street Food
C04598,Fast Food
C04599,Continental
C04600,Italian
C04601,Indian
C04602,Chinese
C04603,South Indian
C04604,North Indian
C04605,Street Food
C04606,Fast Food
C04607,Continental
C04608,Italian
C04609,Indian
C04610,Chinese
C04611,South Indian
C04612,North Indian
C04613,Street Food
C04614,Fast Food
C04615,Continental
C04616,Italian
C04617,Indian
C04618,Chinese
C04619,South Indian
C04620,North Indian
C04621,Street Food
C04622,Fast Food
C04623,Continental
C04624,Italian
C04625,Indian
C04626,Chinese
C04627,South Indian
C04628,North Indian
C04629,Street Food
C04630,Fast Food
C04631,Continental
C04632,Italian
C04633,Indian
C04634,Chinese
C04635,South Indian
C04636,North Indian
C04637,Street Food
C04638,Fast Food
C04639,Continental
C04640,Italian
C04641,Indian
C04642,Chinese
C04643,South Indian
C04644,North Indian
C04645,Street Food
C04646,Fast Food
C04647,Continental
C04648,Italian
C04649,Indian
C04650,Chinese
C04651,South Indian
C04652,North Indian
C04653,Street Food
C04654,Fast Food
C04655,Continental
C04656,Italian
C04657,Indian
C04658,Chinese
C04659,South Indian
C04660,North Indian
C04661,Street Food
C04662,Fast Food
C04663,Continental
C04664,Italian
C04665,Indian
C04666,Chinese
C04667,South Indian
C04668,North Indian
C04669,Street Food
C04670,Fast Food
C04671,Continental
C04672,Italian
C04673,Indian
C04674,Chinese
C04675,South Indian
C04676,North Indian
C04677,Street Food
C04678,Fast Food
C04679,Continental
C04680,Italian
C04681,Indian
C04682,Chinese
C04683,South Indian
C04684,North Indian
C04685,Street Food
C04686,Fast Food
C04687,Continental
C04688,Italian
C04689,Indian
C04690,Chinese
C04691,South Indian
C04692,North Indian
C04693,Street Food
C04694,Fast Food
C04695,Continental
C04696,Italian
C04697,Indian
C04698,Chinese
C04699,South Indian
C04700,North Indian
C04701,Street Food
C04702,Fast Food
C04703,Continental
C04704,Italian
C04705,Indian
C04706,Chinese
C04707,South Indian
C04708,North Indian
C04709,Street Food
C04710,Fast Food
C04711,Continental
C04712,Italian
C04713,Indian
C04714,Chinese
C04715,South Indian
C04716,North Indian
C04717,Street Food
C04718,Fast Food
C04719,Continental
C04720,Italian
C04721,Indian
C04722,Chinese
C04723,South Indian
C04724,North Indian
C04725,Street Food
C04726,Fast Food
C04727,Continental
C04728,Italian
C04729,Indian
C04730,Chinese
C04731,South Indian
C04732,North Indian
C04733,Street Food
C04734,Fast Food
C04735,Continental
C04736,Italian
C04737,Indian
C04738,Chinese
C04739,South Indian
C04740,North Indian
C04741,Street Food
C04742,Fast Food
C04743,Continental
C04744,Italian
C04745,Indian
C04746,Chinese
C04747,South Indian
C04748,North Indian
C04749,Street Food
C04750,Fast Food
C04751,Continental
C04752,Italian
C04753,Indian
C04754,Chinese
C04755,South Indian
C04756,North Indian
C04757,Street Food
C04758,Fast Food
C04759,Continental
C04760,Italian
C04761,Indian
C04762,Chinese
C04763,South Indian
C04764,North Indian
C04765,Street Food
C04766,Fast Food
C04767,Continental
C04768,Italian
C04769,Indian
C04770,Chinese
C04771,South Indian
C04772,North Indian
C04773,Street Food
C04774,Fast Food
C04775,Continental
C04776,Italian
C04777,Indian
C04778,Chinese
C04779,South Indian
C04780,North Indian
C04781,Street Food
C04782,Fast Food
C04783,Continental
C04784,Italian
C04785,Indian
C04786,Chinese
C04787,South Indian
C04788,North Indian
C04789,Street Food
C04790,Fast Food
C04791,Continental
C04792,Italian
C04793,Indian
C04794,Chinese
C04795,South Indian
C04796,North Indian
C04797,Street Food
C04798,Fast Food
C04799,Continental
C04800,Italian
C04801,Indian
C04802,Chinese
C04803,South Indian
C04804,North Indian
C04805,Street Food
C04806,Fast Food
C04807,Continental
C04808,Italian
C04809,Indian
C04810,Chinese
C04811,South Indian
C04812,North Indian
C04813,Street Food
C04814,Fast Food
C04815,Continental
C04816,Italian
C04817,Indian
C04818,Chinese
C04819,South Indian
C04820,North Indian
C04821,Street Food
C04822,Fast Food
C04823,Continental
C04824,Italian
C04825,Indian
C04826,Chinese
C04827,South Indian
C04828,North Indian
C04829,Street Food
C04830,Fast Food
C04831,Continental
C04832,Italian
C04833,Indian
C04834,Chinese
C04835,South Indian
C04836,North Indian
C04837,Street Food
C04838,Fast Food
C04839,Continental
C04840,Italian
C04841,Indian
C04842,Chinese
C04843,South Indian
C04844,North Indian
C04845,Street Food
C04846,Fast Food
C04847,Continental
C04848,Italian
C04849,Indian
C04850,Chinese
C04851,South Indian
C04852,North Indian
C04853,Street Food
C04854,Fast Food
C04855,Continental
C04856,Italian
C04857,Indian
C04858,Chinese
C04859,South Indian
C04860,North Indian
C04861,Street Food
C04862,Fast Food
C04863,Continental
C04864,Italian
C04865,Indian
C04866,Chinese
C04867,South Indian
C04868,North Indian
C04869,Street Food
C04870,Fast Food
C04871,Continental
C04872,Italian
C04873,Indian
C04874,Chinese
C04875,South Indian
C04876,North Indian
C04877,Street Food
C04878,Fast Food
C04879,Continental
C04880,Italian
C04881,Indian
C04882,Chinese
C04883,South Indian
C04884,North Indian
C04885,Street Food
C04886,Fast Food
C04887,Continental
C04888,Italian
C04889,Indian
C04890,Chinese
C04891,South Indian
C04892,North Indian
C04893,Street Food
C04894,Fast Food
C04895,Continental
C04896,Italian
C04897,Indian
C04898,Chinese
C04899,South Indian
C04900,North Indian
C04901,Street Food
C04902,Fast Food
C04903,Continental
C04904,Italian
C04905,Indian
C04906,Chinese
C04907,South Indian
C04908,North Indian
C04909,Street Food
C04910,Fast Food
C04911,Continental
C04912,Italian
C04913,Indian
C04914,Chinese
C04915,South Indian
C04916,North Indian
C04917,Street Food
C04918,Fast Food
C04919,Continental
C04920,Italian
C04921,Indian
C04922,Chinese
C04923,South Indian
C04924,North Indian
C04925,Street Food
C04926,Fast Food
C04927,Continental
C04928,Italian
C04929,Indian
C04930,Chinese
C04931,South Indian
C04932,North Indian
C04933,Street Food
C04934,Fast Food
C04935,Continental
C04936,Italian
C04937,Indian
C04938,Chinese
C04939,South Indian
C04940,North Indian
C04941,Street Food
C04942,Fast Food
C04943,Continental
C04944,Italian
C04945,Indian
C04946,Chinese
C04947,South Indian
C04948,North Indian
C04949,Street Food
C04950,Fast Food
C04951,Continental
C04952,Italian
C04953,Indian
C04954,Chinese
C04955,South Indian
C04956,North Indian
C04957,Street Food
C04958,Fast Food
C04959,Continental
C04960,Italian
C04961,Indian
C04962,Chinese
C04963,South Indian
C04964,North Indian
C04965,Street Food
C04966,Fast Food
C04967,Continental
C04968,Italian
C04969,Indian
C04970,Chinese
C04971,South Indian
C04972,North Indian
C04973,Street Food
C04974,Fast Food
C04975,Continental
C04976,Italian
C04977,Indian
C04978,Chinese
C04979,South Indian
C04980,North Indian
C04981,Street Food
C04982,Fast Food
C04983,Continental
C04984,Italian
C04985,Indian
C04986,Chinese
C04987,South Indian
C04988,North Indian
C04989,Street Food
C04990,Fast Food
C04991,Continental
C04992,Italian
C04993,Indian
C04994,Chinese
C04995,South Indian
C04996,North Indian
C04997,Street Food
C04998,Fast Food
C04999,Continental
C05000,Italian
