Restaurant_ID,Cuisine_Type
R00001,Bakery
R00002,Seafood
R00003,Gujarati
R00004,Bengali
R00005,Fast Food
R00006,Seafood
R00007,Mexican
R00008,Cafe
R00009,Rajasthani
R00010,Chinese
R00011,Kerala
R00012,BBQ
R00013,Gujarati
R00014,Bengali
R00015,Punjabi
R00016,Goan
R00017,Bengali
R00018,Mughlai
R00019,Maharashtrian
R00020,Chinese
R00021,Gujarati
R00022,Bakery
R00023,Bengali
R00024,Bakery
R00025,Seafood
R00026,North Indian
R00027,Kerala
R00028,South Indian
R00029,Maharashtrian
R00030,Chinese
R00031,Chinese
R00032,Bengali
R00033,Cafe
R00034,Bengali
R00035,Gujarati
R00036,Street Food
R00037,Mughlai
R00038,South Indian
R00039,Continental
R00040,Goan
R00041,Goan
R00042,Punjabi
R00043,Street Food
R00044,Continental
R00045,Italian
R00046,Chinese
R00047,Hyderabadi
R00048,Gujarati
R00049,Cafe
R00050,Chinese
R00051,Bengali
R00052,Mughlai
R00053,Chettinad
R00054,Hyderabadi
R00055,BBQ
R00056,Awadhi
R00057,Awadhi
R00058,Goan
R00059,Fast Food
R00060,Continental
R00061,Indo-Chinese
R00062,Hyderabadi
R00063,Cafe
R00064,Seafood
R00065,Bakery
R00066,Italian
R00067,Continental
R00068,Awadhi
R00069,South Indian
R00070,Kerala
R00071,Maharashtrian
R00072,North Indian
R00073,BBQ
R00074,Bengali
R00075,Cafe
R00076,Continental
R00077,Gujarati
R00078,Punjabi
R00079,BBQ
R00080,Continental
R00081,Awadhi
R00082,South Indian
R00083,Mughlai
R00084,Hyderabadi
R00085,Awadhi
R00086,Street Food
R00087,Gujarati
R00088,South Indian
R00089,Seafood
R00090,Street Food
R00091,Mexican
R00092,Gujarati
R00093,Fast Food
R00094,Hyderabadi
R00095,Goan
R00096,Continental
R00097,Bakery
R00098,Rajasthani
R00099,BBQ
R00100,Awadhi
R00101,Indo-Chinese
R00102,Maharashtrian
R00103,Cafe
R00104,BBQ
R00105,Chinese
R00106,Gujarati
R00107,Gujarati
R00108,South Indian
R00109,Kashmiri
R00110,Maharashtrian
R00111,North Indian
R00112,North Indian
R00113,Maharashtrian
R00114,Bakery
R00115,Street Food
R00116,Indo-Chinese
R00117,Hyderabadi
R00118,Chettinad
R00119,Bakery
R00120,Street Food
R00121,Goan
R00122,South Indian
R00123,Kerala
R00124,Indo-Chinese
R00125,Hyderabadi
R00126,Mexican
R00127,Bakery
R00128,Kashmiri
R00129,Maharashtrian
R00130,Seafood
R00131,Mexican
R00132,Bengali
R00133,Mughlai
R00134,Punjabi
R00135,Goan
R00136,Maharashtrian
R00137,Bakery
R00138,Maharashtrian
R00139,Mughlai
R00140,Continental
R00141,BBQ
R00142,Mexican
R00143,Hyderabadi
R00144,Maharashtrian
R00145,Goan
R00146,South Indian
R00147,Seafood
R00148,Italian
R00149,Continental
R00150,Mexican
R00151,Bakery
R00152,Rajasthani
R00153,Italian
R00154,North Indian
R00155,Mughlai
R00156,Cafe
R00157,Bakery
R00158,Maharashtrian
R00159,Mexican
R00160,Cafe
R00161,Seafood
R00162,Awadhi
R00163,Maharashtrian
R00164,Gujarati
R00165,North Indian
R00166,Rajasthani
R00167,Fast Food
R00168,Mexican
R00169,Italian
R00170,Indo-Chinese
R00171,Chinese
R00172,Chettinad
R00173,Goan
R00174,Continental
R00175,Chinese
R00176,Chinese
R00177,Fast Food
R00178,Hyderabadi
R00179,Indo-Chinese
R00180,Continental
R00181,North Indian
R00182,Street Food
R00183,Maharashtrian
R00184,BBQ
R00185,Street Food
R00186,Maharashtrian
R00187,Goan
R00188,Seafood
R00189,Punjabi
R00190,Chinese
R00191,Hyderabadi
R00192,Rajasthani
R00193,Mughlai
R00194,Indo-Chinese
R00195,Cafe
R00196,Maharashtrian
R00197,Street Food
R00198,Kashmiri
R00199,Mughlai
R00200,Punjabi
R00201,Mughlai
R00202,Kerala
R00203,Italian
R00204,Continental
R00205,Street Food
R00206,Mughlai
R00207,Kerala
R00208,Mughlai
R00209,Bakery
R00210,Continental
R00211,Goan
R00212,Gujarati
R00213,Fast Food
R00214,Chinese
R00215,Indo-Chinese
R00216,North Indian
R00217,Punjabi
R00218,Cafe
R00219,Goan
R00220,North Indian
R00221,Goan
R00222,Bengali
R00223,Indo-Chinese
R00224,Awadhi
R00225,Cafe
R00226,Rajasthani
R00227,Hyderabadi
R00228,Kashmiri
R00229,Bakery
R00230,Indo-Chinese
R00231,North Indian
R00232,Gujarati
R00233,Chinese
R00234,Bakery
R00235,Gujarati
R00236,Street Food
R00237,Continental
R00238,Bakery
R00239,Continental
R00240,Bengali
R00241,Bengali
R00242,Seafood
R00243,North Indian
R00244,Mexican
R00245,Cafe
R00246,Maharashtrian
R00247,Fast Food
R00248,Maharashtrian
R00249,North Indian
R00250,Italian
R00251,Goan
R00252,Street Food
R00253,Mexican
R00254,Bengali
R00255,Seafood
R00256,Kerala
R00257,Seafood
R00258,Bakery
R00259,Continental
R00260,Chinese
R00261,Bengali
R00262,Kashmiri
R00263,Cafe
R00264,Seafood
R00265,Goan
R00266,Continental
R00267,Street Food
R00268,Bengali
R00269,Indo-Chinese
R00270,Seafood
R00271,Punjabi
R00272,Hyderabadi
R00273,Kashmiri
R00274,Kashmiri
R00275,Kashmiri
R00276,Italian
R00277,Mexican
R00278,Seafood
R00279,Bengali
R00280,Awadhi
R00281,South Indian
R00282,North Indian
R00283,Mexican
R00284,Hyderabadi
R00285,Maharashtrian
R00286,Street Food
R00287,Italian
R00288,Mughlai
R00289,Hyderabadi
R00290,Italian
R00291,Chettinad
R00292,Continental
R00293,Bengali
R00294,Awadhi
R00295,BBQ
R00296,Cafe
R00297,Punjabi
R00298,Kashmiri
R00299,Seafood
R00300,Seafood
R00301,Bengali
R00302,Awadhi
R00303,Gujarati
R00304,Punjabi
R00305,Chinese
R00306,Chinese
R00307,Seafood
R00308,Continental
R00309,Hyderabadi
R00310,South Indian
R00311,Goan
R00312,Hyderabadi
R00313,BBQ
R00314,Italian
R00315,Bakery
R00316,Goan
R00317,Goan
R00318,Mughlai
R00319,Punjabi
R00320,Maharashtrian
R00321,North Indian
R00322,Rajasthani
R00323,Gujarati
R00324,Mughlai
R00325,Goan
R00326,Seafood
R00327,South Indian
R00328,Awadhi
R00329,Rajasthani
R00330,Bakery
R00331,North Indian
R00332,Bakery
R00333,South Indian
R00334,Gujarati
R00335,North Indian
R00336,Fast Food
R00337,Chinese
R00338,Goan
R00339,Bakery
R00340,BBQ
R00341,Chinese
R00342,Street Food
R00343,Chinese
R00344,Chettinad
R00345,Continental
R00346,Continental
R00347,Bakery
R00348,North Indian
R00349,Street Food
R00350,Kerala
R00351,Street Food
R00352,Punjabi
R00353,North Indian
R00354,Bakery
R00355,Fast Food
R00356,Goan
R00357,Kashmiri
R00358,Mexican
R00359,Punjabi
R00360,Cafe
R00361,Street Food
R00362,Bakery
R00363,North Indian
R00364,Mughlai
R00365,Kashmiri
R00366,Punjabi
R00367,Fast Food
R00368,Kashmiri
R00369,Kashmiri
R00370,Indo-Chinese
R00371,Seafood
R00372,Seafood
R00373,Punjabi
R00374,Hyderabadi
R00375,South Indian
R00376,Mughlai
R00377,Maharashtrian
R00378,Chettinad
R00379,Continental
R00380,Fast Food
R00381,Seafood
R00382,Seafood
R00383,Mughlai
R00384,Italian
R00385,Fast Food
R00386,Bengali
R00387,Mughlai
R00388,Italian
R00389,Indo-Chinese
R00390,Continental
R00391,BBQ
R00392,Maharashtrian
R00393,Chettinad
R00394,Mexican
R00395,Awadhi
R00396,Hyderabadi
R00397,Rajasthani
R00398,Bengali
R00399,Italian
R00400,Indo-Chinese
R00401,Punjabi
R00402,Awadhi
R00403,Rajasthani
R00404,South Indian
R00405,North Indian
R00406,Rajasthani
R00407,Kashmiri
R00408,Seafood
R00409,Continental
R00410,Rajasthani
R00411,Chettinad
R00412,Hyderabadi
R00413,Awadhi
R00414,Indo-Chinese
R00415,Hyderabadi
R00416,Rajasthani
R00417,Bengali
R00418,Mexican
R00419,Bengali
R00420,Punjabi
R00421,Fast Food
R00422,Chinese
R00423,Street Food
R00424,Fast Food
R00425,Mexican
R00426,Gujarati
R00427,South Indian
R00428,North Indian
R00429,Kerala
R00430,Continental
R00431,BBQ
R00432,Chettinad
R00433,BBQ
R00434,BBQ
R00435,Goan
R00436,Chinese
R00437,Italian
R00438,Maharashtrian
R00439,Seafood
R00440,Mexican
R00441,Maharashtrian
R00442,South Indian
R00443,Hyderabadi
R00444,Continental
R00445,Continental
R00446,Indo-Chinese
R00447,Awadhi
R00448,Maharashtrian
R00449,Goan
R00450,Italian
R00451,Chinese
R00452,Hyderabadi
R00453,Fast Food
R00454,Fast Food
R00455,Goan
R00456,Mexican
R00457,Continental
R00458,Mexican
R00459,Seafood
R00460,Fast Food
R00461,Mexican
R00462,Continental
R00463,Bakery
R00464,Punjabi
R00465,Kerala
R00466,Cafe
R00467,Street Food
R00468,Kerala
R00469,Bakery
R00470,Bengali
R00471,North Indian
R00472,Chettinad
R00473,Goan
R00474,Chinese
R00475,Kashmiri
R00476,Chinese
R00477,South Indian
R00478,South Indian
R00479,Chettinad
R00480,Kerala
R00481,Fast Food
R00482,BBQ
R00483,North Indian
R00484,Continental
R00485,Bengali
R00486,Chettinad
R00487,Street Food
R00488,Goan
R00489,Kashmiri
R00490,Hyderabadi
R00491,Punjabi
R00492,Goan
R00493,Fast Food
R00494,Chettinad
R00495,Chettinad
R00496,Punjabi
R00497,Chinese
R00498,Kerala
R00499,Seafood
R00500,Kerala
R00501,Seafood
R00502,Seafood
R00503,Chettinad
R00504,Punjabi
R00505,Cafe
R00506,BBQ
R00507,Bengali
R00508,Kerala
R00509,Goan
R00510,Mexican
R00511,Rajasthani
R00512,Fast Food
R00513,Indo-Chinese
R00514,Kashmiri
R00515,Kashmiri
R00516,Kashmiri
R00517,Chettinad
R00518,Mexican
R00519,North Indian
R00520,Gujarati
R00521,Goan
R00522,Mughlai
R00523,Bengali
R00524,Gujarati
R00525,BBQ
R00526,Gujarati
R00527,Mexican
R00528,Goan
R00529,Bengali
R00530,Gujarati
R00531,Mughlai
R00532,BBQ
R00533,BBQ
R00534,Maharashtrian
R00535,Punjabi
R00536,Gujarati
R00537,North Indian
R00538,North Indian
R00539,Continental
R00540,Chettinad
R00541,Seafood
R00542,Kerala
R00543,Indo-Chinese
R00544,Mexican
R00545,North Indian
R00546,South Indian
R00547,Chinese
R00548,Kerala
R00549,Mexican
R00550,Rajasthani
R00551,Mexican
R00552,Bakery
R00553,Bengali
R00554,Mexican
R00555,Mughlai
R00556,Continental
R00557,Indo-Chinese
R00558,Mexican
R00559,Goan
R00560,Cafe
R00561,Chettinad
R00562,Indo-Chinese
R00563,Gujarati
R00564,Kerala
R00565,Seafood
R00566,BBQ
R00567,Street Food
R00568,North Indian
R00569,Mexican
R00570,Seafood
R00571,Maharashtrian
R00572,Bakery
R00573,Mughlai
R00574,Kerala
R00575,Mexican
R00576,Maharashtrian
R00577,Mughlai
R00578,Mexican
R00579,Bengali
R00580,Maharashtrian
R00581,Indo-Chinese
R00582,South Indian
R00583,Maharashtrian
R00584,Bakery
R00585,Bengali
R00586,Chinese
R00587,Mexican
R00588,Italian
R00589,Fast Food
R00590,Chettinad
R00591,BBQ
R00592,Kerala
R00593,Kashmiri
R00594,Punjabi
R00595,Continental
R00596,Kerala
R00597,Rajasthani
R00598,Goan
R00599,Bengali
R00600,North Indian
R00601,Punjabi
R00602,Continental
R00603,Mughlai
R00604,Kerala
R00605,BBQ
R00606,Chettinad
R00607,Kashmiri
R00608,Italian
R00609,North Indian
R00610,Bengali
R00611,Kerala
R00612,Hyderabadi
R00613,Kerala
R00614,Rajasthani
R00615,BBQ
R00616,Goan
R00617,Kerala
R00618,Rajasthani
R00619,Kerala
R00620,Kashmiri
R00621,Maharashtrian
R00622,Mexican
R00623,Hyderabadi
R00624,Awadhi
R00625,Fast Food
R00626,Bakery
R00627,Italian
R00628,Hyderabadi
R00629,Bengali
R00630,Cafe
R00631,Street Food
R00632,Rajasthani
R00633,Continental
R00634,Kashmiri
R00635,Mughlai
R00636,Seafood
R00637,North Indian
R00638,Street Food
R00639,Indo-Chinese
R00640,Goan
R00641,Fast Food
R00642,North Indian
R00643,BBQ
R00644,Maharashtrian
R00645,BBQ
R00646,Bengali
R00647,Mughlai
R00648,Punjabi
R00649,Continental
R00650,North Indian
R00651,Hyderabadi
R00652,Fast Food
R00653,Punjabi
R00654,Punjabi
R00655,Chettinad
R00656,Mughlai
R00657,Cafe
R00658,Chinese
R00659,Maharashtrian
R00660,Awadhi
R00661,Gujarati
R00662,Continental
R00663,Bakery
R00664,Italian
R00665,BBQ
R00666,Italian
R00667,Bakery
R00668,Chinese
R00669,Seafood
R00670,South Indian
R00671,Kerala
R00672,Mexican
R00673,Kashmiri
R00674,Mexican
R00675,Street Food
R00676,Seafood
R00677,Chettinad
R00678,Fast Food
R00679,Fast Food
R00680,Goan
R00681,BBQ
R00682,Punjabi
R00683,South Indian
R00684,Bengali
R00685,BBQ
R00686,Bakery
R00687,Continental
R00688,Indo-Chinese
R00689,Indo-Chinese
R00690,North Indian
R00691,Hyderabadi
R00692,Chinese
R00693,Kashmiri
R00694,Awadhi
R00695,Fast Food
R00696,Mexican
R00697,Seafood
R00698,Goan
R00699,Bengali
R00700,Rajasthani
R00701,Punjabi
R00702,Fast Food
R00703,North Indian
R00704,Hyderabadi
R00705,Punjabi
R00706,Cafe
R00707,Mughlai
R00708,South Indian
R00709,Bengali
R00710,Indo-Chinese
R00711,Chettinad
R00712,North Indian
R00713,Maharashtrian
R00714,Hyderabadi
R00715,BBQ
R00716,Gujarati
R00717,Fast Food
R00718,Mughlai
R00719,Awadhi
R00720,Mughlai
R00721,Mughlai
R00722,Awadhi
R00723,Bengali
R00724,Awadhi
R00725,South Indian
R00726,Bakery
R00727,Gujarati
R00728,Continental
R00729,Chinese
R00730,North Indian
R00731,Seafood
R00732,Awadhi
R00733,Bengali
R00734,Gujarati
R00735,Cafe
R00736,Hyderabadi
R00737,Chinese
R00738,Gujarati
R00739,Chettinad
R00740,Chinese
R00741,Goan
R00742,Awadhi
R00743,Gujarati
R00744,Kerala
R00745,Chettinad
R00746,Fast Food
R00747,Continental
R00748,Gujarati
R00749,Hyderabadi
R00750,Mexican
R00751,Mexican
R00752,Kerala
R00753,BBQ
R00754,Italian
R00755,North Indian
R00756,South Indian
R00757,Cafe
R00758,Goan
R00759,Mughlai
R00760,Kerala
R00761,South Indian
R00762,Gujarati
R00763,South Indian
R00764,Hyderabadi
R00765,Cafe
R00766,Goan
R00767,Mexican
R00768,Kerala
R00769,Mexican
R00770,Street Food
R00771,Awadhi
R00772,Kerala
R00773,Chinese
R00774,Kashmiri
R00775,Indo-Chinese
R00776,Indo-Chinese
R00777,Kerala
R00778,Bakery
R00779,Mughlai
R00780,Bengali
R00781,Italian
R00782,Cafe
R00783,South Indian
R00784,Kerala
R00785,Rajasthani
R00786,Mexican
R00787,Maharashtrian
R00788,Kerala
R00789,Goan
R00790,North Indian
R00791,Chettinad
R00792,Fast Food
R00793,Goan
R00794,Chettinad
R00795,Rajasthani
R00796,Street Food
R00797,Seafood
R00798,Bengali
R00799,Chettinad
R00800,Punjabi
R00801,Kerala
R00802,Bakery
R00803,Indo-Chinese
R00804,Hyderabadi
R00805,Chettinad
R00806,North Indian
R00807,Indo-Chinese
R00808,Awadhi
R00809,Continental
R00810,Bakery
R00811,Maharashtrian
R00812,South Indian
R00813,Bengali
R00814,Maharashtrian
R00815,BBQ
R00816,North Indian
R00817,Kerala
R00818,Italian
R00819,Italian
R00820,Goan
R00821,North Indian
R00822,Seafood
R00823,Continental
R00824,Maharashtrian
R00825,Punjabi
R00826,Italian
R00827,Gujarati
R00828,Italian
R00829,North Indian
R00830,Mughlai
R00831,Italian
R00832,Mexican
R00833,Maharashtrian
R00834,Chinese
R00835,Bengali
R00836,Mexican
R00837,Seafood
R00838,Mexican
R00839,BBQ
R00840,Chinese
R00841,Indo-Chinese
R00842,Cafe
R00843,North Indian
R00844,Kashmiri
R00845,Rajasthani
R00846,Kashmiri
R00847,Kerala
R00848,Indo-Chinese
R00849,Maharashtrian
R00850,Continental
R00851,North Indian
R00852,Goan
R00853,Goan
R00854,Mughlai
R00855,Street Food
R00856,Rajasthani
R00857,Gujarati
R00858,Continental
R00859,Gujarati
R00860,Fast Food
R00861,Mughlai
R00862,North Indian
R00863,Chinese
R00864,Street Food
R00865,Continental
R00866,Kerala
R00867,Bakery
R00868,Mexican
R00869,Awadhi
R00870,Goan
R00871,Gujarati
R00872,Street Food
R00873,Cafe
R00874,Mexican
R00875,Street Food
R00876,Seafood
R00877,Bakery
R00878,Punjabi
R00879,Cafe
R00880,Continental
R00881,Cafe
R00882,Seafood
R00883,Indo-Chinese
R00884,South Indian
R00885,Chettinad
R00886,BBQ
R00887,Street Food
R00888,Street Food
R00889,Maharashtrian
R00890,Italian
R00891,Chinese
R00892,Hyderabadi
R00893,Chettinad
R00894,Punjabi
R00895,Cafe
R00896,Kerala
R00897,Kerala
R00898,Street Food
R00899,Kerala
R00900,Cafe
R00901,South Indian
R00902,Goan
R00903,Street Food
R00904,Gujarati
R00905,Awadhi
R00906,Italian
R00907,Italian
R00908,Street Food
R00909,Awadhi
R00910,Fast Food
R00911,North Indian
R00912,Seafood
R00913,Goan
R00914,Hyderabadi
R00915,Mexican
R00916,Bengali
R00917,Awadhi
R00918,Bengali
R00919,Italian
R00920,Continental
R00921,Chettinad
R00922,Goan
R00923,Hyderabadi
R00924,Hyderabadi
R00925,Punjabi
R00926,Kashmiri
R00927,Cafe
R00928,Rajasthani
R00929,Seafood
R00930,Fast Food
R00931,Chinese
R00932,Street Food
R00933,Seafood
R00934,Kashmiri
R00935,Indo-Chinese
R00936,Bakery
R00937,Chettinad
R00938,Hyderabadi
R00939,Continental
R00940,Maharashtrian
R00941,Maharashtrian
R00942,Rajasthani
R00943,Punjabi
R00944,Goan
R00945,Italian
R00946,Hyderabadi
R00947,Italian
R00948,Italian
R00949,Goan
R00950,Goan
R00951,Mughlai
R00952,Kerala
R00953,Seafood
R00954,Continental
R00955,Street Food
R00956,North Indian
R00957,Italian
R00958,Italian
R00959,BBQ
R00960,Gujarati
R00961,Bakery
R00962,Bengali
R00963,Awadhi
R00964,Cafe
R00965,Bakery
R00966,Indo-Chinese
R00967,Gujarati
R00968,Mexican
R00969,Italian
R00970,Bengali
R00971,Maharashtrian
R00972,Fast Food
R00973,Bengali
R00974,North Indian
R00975,Gujarati
R00976,Bakery
R00977,Chettinad
R00978,Goan
R00979,Bakery
R00980,Cafe
R00981,Chettinad
R00982,Goan
R00983,Hyderabadi
R00984,Cafe
R00985,Gujarati
R00986,BBQ
R00987,Gujarati
R00988,Seafood
R00989,Punjabi
R00990,Chinese
R00991,Maharashtrian
R00992,Awadhi
R00993,Punjabi
R00994,Italian
R00995,Punjabi
R00996,South Indian
R00997,Hyderabadi
R00998,Italian
R00999,Continental
R01000,BBQ
R01001,Chinese
R01002,Seafood
R01003,Kashmiri
R01004,Fast Food
R01005,Rajasthani
R01006,Hyderabadi
R01007,Italian
R01008,Seafood
R01009,Chettinad
R01010,Seafood
R01011,Indo-Chinese
R01012,Continental
R01013,Punjabi
R01014,Indo-Chinese
R01015,Hyderabadi
R01016,Bakery
R01017,Kerala
R01018,Hyderabadi
R01019,Chinese
R01020,Awadhi
R01021,Seafood
R01022,Gujarati
R01023,Street Food
R01024,Mexican
R01025,Punjabi
R01026,Chinese
R01027,BBQ
R01028,Chettinad
R01029,Gujarati
R01030,South Indian
R01031,Bengali
R01032,Mughlai
R01033,Chettinad
R01034,Cafe
R01035,Hyderabadi
R01036,Punjabi
R01037,Seafood
R01038,Street Food
R01039,Rajasthani
R01040,Rajasthani
R01041,Goan
R01042,Mexican
R01043,BBQ
R01044,Fast Food
R01045,Continental
R01046,Awadhi
R01047,Street Food
R01048,Bengali
R01049,Hyderabadi
R01050,BBQ
R01051,North Indian
R01052,Italian
R01053,Chinese
R01054,Awadhi
R01055,Continental
R01056,Indo-Chinese
R01057,Bengali
R01058,Kashmiri
R01059,Punjabi
R01060,Awadhi
R01061,Street Food
R01062,South Indian
R01063,South Indian
R01064,Kerala
R01065,Indo-Chinese
R01066,Mexican
R01067,Kashmiri
R01068,Mughlai
R01069,Street Food
R01070,Chettinad
R01071,Maharashtrian
R01072,Indo-Chinese
R01073,Continental
R01074,Indo-Chinese
R01075,Gujarati
R01076,Cafe
R01077,Gujarati
R01078,Kashmiri
R01079,Mexican
R01080,Bengali
R01081,BBQ
R01082,South Indian
R01083,Italian
R01084,Goan
R01085,Mughlai
R01086,Kashmiri
R01087,Fast Food
R01088,Indo-Chinese
R01089,South Indian
R01090,Hyderabadi
R01091,Chinese
R01092,Hyderabadi
R01093,Bengali
R01094,Goan
R01095,Indo-Chinese
R01096,Gujarati
R01097,Seafood
R01098,Bengali
R01099,South Indian
R01100,Gujarati
R01101,Kashmiri
R01102,Indo-Chinese
R01103,Gujarati
R01104,Gujarati
R01105,Indo-Chinese
R01106,Continental
R01107,Gujarati
R01108,North Indian
R01109,Italian
R01110,Awadhi
R01111,Italian
R01112,North Indian
R01113,Fast Food
R01114,South Indian
R01115,Bakery
R01116,Mexican
R01117,Hyderabadi
R01118,Italian
R01119,Hyderabadi
R01120,Maharashtrian
R01121,Kashmiri
R01122,Chinese
R01123,Punjabi
R01124,Goan
R01125,Fast Food
R01126,Goan
R01127,Chinese
R01128,Fast Food
R01129,Mughlai
R01130,Kerala
R01131,Italian
R01132,Goan
R01133,Awadhi
R01134,Awadhi
R01135,North Indian
R01136,Gujarati
R01137,BBQ
R01138,Bakery
R01139,Chettinad
R01140,Hyderabadi
R01141,Street Food
R01142,Kashmiri
R01143,Continental
R01144,Hyderabadi
R01145,Kashmiri
R01146,Street Food
R01147,Bakery
R01148,Street Food
R01149,Seafood
R01150,Italian
R01151,Gujarati
R01152,Seafood
R01153,Indo-Chinese
R01154,Fast Food
R01155,Hyderabadi
R01156,Mexican
R01157,BBQ
R01158,Awadhi
R01159,Punjabi
R01160,Awadhi
R01161,Gujarati
R01162,Italian
R01163,Mughlai
R01164,Seafood
R01165,Maharashtrian
R01166,Hyderabadi
R01167,Seafood
R01168,Rajasthani
R01169,Bengali
R01170,Indo-Chinese
R01171,Mexican
R01172,Italian
R01173,Hyderabadi
R01174,Awadhi
R01175,Bengali
R01176,Continental
R01177,Street Food
R01178,Hyderabadi
R01179,Kerala
R01180,Rajasthani
R01181,Street Food
R01182,Rajasthani
R01183,Bengali
R01184,Goan
R01185,Awadhi
R01186,Hyderabadi
R01187,Mexican
R01188,South Indian
R01189,Hyderabadi
R01190,Italian
R01191,Cafe
R01192,Rajasthani
R01193,Kashmiri
R01194,Maharashtrian
R01195,Hyderabadi
R01196,Chinese
R01197,Chettinad
R01198,South Indian
R01199,Kerala
R01200,Goan
R01201,Bakery
R01202,South Indian
R01203,Chinese
R01204,Kerala
R01205,Rajasthani
R01206,Chinese
R01207,Kerala
R01208,BBQ
R01209,Goan
R01210,Gujarati
R01211,Chinese
R01212,Maharashtrian
R01213,Hyderabadi
R01214,Kashmiri
R01215,Kerala
R01216,Awadhi
R01217,Bakery
R01218,Mexican
R01219,Chinese
R01220,Rajasthani
R01221,Fast Food
R01222,Gujarati
R01223,Italian
R01224,Indo-Chinese
R01225,Punjabi
R01226,Bengali
R01227,Hyderabadi
R01228,Fast Food
R01229,Kerala
R01230,Kerala
R01231,Continental
R01232,Mexican
R01233,Chettinad
R01234,Goan
R01235,Bakery
R01236,Cafe
R01237,Mughlai
R01238,Fast Food
R01239,South Indian
R01240,Hyderabadi
R01241,Bakery
R01242,Maharashtrian
R01243,Chettinad
R01244,Gujarati
R01245,Rajasthani
R01246,Fast Food
R01247,Italian
R01248,South Indian
R01249,North Indian
R01250,Punjabi
R01251,North Indian
R01252,Indo-Chinese
R01253,Mughlai
R01254,Goan
R01255,Rajasthani
R01256,Punjabi
R01257,Goan
R01258,Continental
R01259,Punjabi
R01260,Indo-Chinese
R01261,Continental
R01262,Kashmiri
R01263,South Indian
R01264,Cafe
R01265,Goan
R01266,Bakery
R01267,Mughlai
R01268,Chettinad
R01269,Mexican
R01270,Bakery
R01271,Punjabi
R01272,Mughlai
R01273,Street Food
R01274,Hyderabadi
R01275,Continental
R01276,Kashmiri
R01277,Hyderabadi
R01278,Bakery
R01279,Maharashtrian
R01280,BBQ
R01281,Italian
R01282,BBQ
R01283,Hyderabadi
R01284,Italian
R01285,Fast Food
R01286,Rajasthani
R01287,Cafe
R01288,Kashmiri
R01289,Mexican
R01290,Maharashtrian
R01291,Punjabi
R01292,BBQ
R01293,Punjabi
R01294,Chettinad
R01295,Seafood
R01296,Hyderabadi
R01297,Hyderabadi
R01298,Kashmiri
R01299,Maharashtrian
R01300,Gujarati
R01301,Awadhi
R01302,Awadhi
R01303,Chinese
R01304,Chinese
R01305,Indo-Chinese
R01306,Seafood
R01307,Chettinad
R01308,Street Food
R01309,Indo-Chinese
R01310,Bengali
R01311,Street Food
R01312,Rajasthani
R01313,Continental
R01314,Hyderabadi
R01315,South Indian
R01316,Kashmiri
R01317,Fast Food
R01318,Fast Food
R01319,Mexican
R01320,North Indian
R01321,Gujarati
R01322,Indo-Chinese
R01323,Punjabi
R01324,Continental
R01325,Mughlai
R01326,Fast Food
R01327,Maharashtrian
R01328,Indo-Chinese
R01329,Maharashtrian
R01330,Seafood
R01331,Bakery
R01332,Awadhi
R01333,Kashmiri
R01334,Bakery
R01335,Punjabi
R01336,Hyderabadi
R01337,Punjabi
R01338,Bengali
R01339,Indo-Chinese
R01340,Punjabi
R01341,Rajasthani
R01342,South Indian
R01343,Gujarati
R01344,Hyderabadi
R01345,Awadhi
R01346,South Indian
R01347,Kerala
R01348,Awadhi
R01349,Cafe
R01350,Seafood
R01351,Punjabi
R01352,Gujarati
R01353,Street Food
R01354,Awadhi
R01355,Seafood
R01356,Hyderabadi
R01357,Mughlai
R01358,Awadhi
R01359,Hyderabadi
R01360,Mughlai
R01361,Indo-Chinese
R01362,Gujarati
R01363,Goan
R01364,Kashmiri
R01365,Seafood
R01366,Punjabi
R01367,North Indian
R01368,Hyderabadi
R01369,Indo-Chinese
R01370,Goan
R01371,Chettinad
R01372,Bakery
R01373,Continental
R01374,Chinese
R01375,Awadhi
R01376,Indo-Chinese
R01377,Maharashtrian
R01378,Hyderabadi
R01379,South Indian
R01380,Mexican
R01381,Chettinad
R01382,Italian
R01383,Punjabi
R01384,Chettinad
R01385,Street Food
R01386,Mughlai
R01387,Kerala
R01388,Goan
R01389,South Indian
R01390,Kerala
R01391,Bengali
R01392,Seafood
R01393,Bengali
R01394,North Indian
R01395,Hyderabadi
R01396,Chettinad
R01397,Chettinad
R01398,BBQ
R01399,Street Food
R01400,Kashmiri
R01401,Continental
R01402,Chinese
R01403,Italian
R01404,Awadhi
R01405,Maharashtrian
R01406,Maharashtrian
R01407,Italian
R01408,Kerala
R01409,Cafe
R01410,Mughlai
R01411,Street Food
R01412,North Indian
R01413,Seafood
R01414,Fast Food
R01415,BBQ
R01416,Indo-Chinese
R01417,Kashmiri
R01418,Bakery
R01419,Continental
R01420,Chettinad
R01421,Kashmiri
R01422,Bengali
R01423,South Indian
R01424,Cafe
R01425,Kashmiri
R01426,Italian
R01427,Bengali
R01428,North Indian
R01429,Punjabi
R01430,Mexican
R01431,Indo-Chinese
R01432,Street Food
R01433,Bengali
R01434,Hyderabadi
R01435,Rajasthani
R01436,Bengali
R01437,Goan
R01438,Seafood
R01439,Continental
R01440,Hyderabadi
R01441,Gujarati
R01442,Hyderabadi
R01443,Chinese
R01444,Italian
R01445,North Indian
R01446,Punjabi
R01447,Kashmiri
R01448,Cafe
R01449,Chettinad
R01450,Italian
R01451,Cafe
R01452,Bakery
R01453,Continental
R01454,Bengali
R01455,Seafood
R01456,Indo-Chinese
R01457,Gujarati
R01458,Indo-Chinese
R01459,Mughlai
R01460,Awadhi
R01461,Italian
R01462,Chettinad
R01463,Mughlai
R01464,Mughlai
R01465,Hyderabadi
R01466,Seafood
R01467,Chinese
R01468,Kerala
R01469,Chettinad
R01470,Awadhi
R01471,Kerala
R01472,South Indian
R01473,Continental
R01474,Awadhi
R01475,Kerala
R01476,Cafe
R01477,Punjabi
R01478,Hyderabadi
R01479,Italian
R01480,Street Food
R01481,Maharashtrian
R01482,Cafe
R01483,Goan
R01484,Mughlai
R01485,BBQ
R01486,Italian
R01487,Chettinad
R01488,Kashmiri
R01489,Maharashtrian
R01490,Rajasthani
R01491,Kerala
R01492,Chettinad
R01493,Goan
R01494,Mughlai
R01495,Fast Food
R01496,Gujarati
R01497,Fast Food
R01498,Seafood
R01499,Indo-Chinese
R01500,BBQ
R01501,Kashmiri
R01502,Chinese
R01503,Mughlai
R01504,Street Food
R01505,Italian
R01506,Mexican
R01507,Kashmiri
R01508,Awadhi
R01509,BBQ
R01510,Punjabi
R01511,Italian
R01512,Awadhi
R01513,Hyderabadi
R01514,Punjabi
R01515,Gujarati
R01516,Maharashtrian
R01517,Gujarati
R01518,Seafood
R01519,Goan
R01520,Hyderabadi
R01521,Maharashtrian
R01522,Punjabi
R01523,Punjabi
R01524,BBQ
R01525,Indo-Chinese
R01526,Chinese
R01527,Street Food
R01528,Punjabi
R01529,Fast Food
R01530,Continental
R01531,Goan
R01532,Seafood
R01533,Punjabi
R01534,BBQ
R01535,Continental
R01536,BBQ
R01537,Bengali
R01538,Bengali
R01539,Cafe
R01540,Kashmiri
R01541,Goan
R01542,Fast Food
R01543,Awadhi
R01544,Goan
R01545,Maharashtrian
R01546,Awadhi
R01547,Chinese
R01548,BBQ
R01549,Chinese
R01550,Gujarati
R01551,Continental
R01552,Chettinad
R01553,Mughlai
R01554,Awadhi
R01555,BBQ
R01556,Indo-Chinese
R01557,Italian
R01558,Mughlai
R01559,Bengali
R01560,Kerala
R01561,Indo-Chinese
R01562,Kerala
R01563,Goan
R01564,Fast Food
R01565,Chettinad
R01566,Chinese
R01567,Bakery
R01568,Awadhi
R01569,Mughlai
R01570,Street Food
R01571,Chinese
R01572,Bengali
R01573,South Indian
R01574,Mughlai
R01575,Gujarati
R01576,BBQ
R01577,Awadhi
R01578,Kashmiri
R01579,South Indian
R01580,Chettinad
R01581,Rajasthani
R01582,North Indian
R01583,Punjabi
R01584,Mughlai
R01585,Indo-Chinese
R01586,Bakery
R01587,Bakery
R01588,Punjabi
R01589,Fast Food
R01590,Punjabi
R01591,BBQ
R01592,Mexican
R01593,South Indian
R01594,Punjabi
R01595,Kerala
R01596,South Indian
R01597,Italian
R01598,South Indian
R01599,Awadhi
R01600,Punjabi
R01601,Maharashtrian
R01602,Indo-Chinese
R01603,Gujarati
R01604,Mughlai
R01605,Chettinad
R01606,Gujarati
R01607,Seafood
R01608,South Indian
R01609,Cafe
R01610,Goan
R01611,Goan
R01612,Fast Food
R01613,Maharashtrian
R01614,Cafe
R01615,Goan
R01616,Continental
R01617,Bakery
R01618,Goan
R01619,Gujarati
R01620,Bakery
R01621,Kerala
R01622,North Indian
R01623,Seafood
R01624,Italian
R01625,Maharashtrian
R01626,Punjabi
R01627,Seafood
R01628,Maharashtrian
R01629,Maharashtrian
R01630,Rajasthani
R01631,Maharashtrian
R01632,Mughlai
R01633,North Indian
R01634,Mughlai
R01635,Punjabi
R01636,Indo-Chinese
R01637,Bengali
R01638,Gujarati
R01639,Cafe
R01640,South Indian
R01641,Punjabi
R01642,Indo-Chinese
R01643,Indo-Chinese
R01644,Bengali
R01645,Mughlai
R01646,Mexican
R01647,Chettinad
R01648,Italian
R01649,South Indian
R01650,Punjabi
R01651,BBQ
R01652,Italian
R01653,North Indian
R01654,Italian
R01655,Kashmiri
R01656,Goan
R01657,Bakery
R01658,Gujarati
R01659,Gujarati
R01660,South Indian
R01661,Mughlai
R01662,Gujarati
R01663,Awadhi
R01664,Street Food
R01665,Awadhi
R01666,Street Food
R01667,Street Food
R01668,Punjabi
R01669,Punjabi
R01670,Chettinad
R01671,Mexican
R01672,South Indian
R01673,Cafe
R01674,Seafood
R01675,Kerala
R01676,Goan
R01677,Goan
R01678,BBQ
R01679,Rajasthani
R01680,Awadhi
R01681,Fast Food
R01682,North Indian
R01683,Maharashtrian
R01684,Mughlai
R01685,Hyderabadi
R01686,Gujarati
R01687,Chinese
R01688,Goan
R01689,Gujarati
R01690,Kashmiri
R01691,Continental
R01692,Mexican
R01693,Kerala
R01694,Indo-Chinese
R01695,Awadhi
R01696,Goan
R01697,Cafe
R01698,Continental
R01699,Fast Food
R01700,South Indian
R01701,Bakery
R01702,Hyderabadi
R01703,Bakery
R01704,Gujarati
R01705,Bakery
R01706,Street Food
R01707,Seafood
R01708,Bakery
R01709,BBQ
R01710,Maharashtrian
R01711,Street Food
R01712,Cafe
R01713,Indo-Chinese
R01714,Goan
R01715,Fast Food
R01716,Bakery
R01717,Maharashtrian
R01718,Chinese
R01719,Awadhi
R01720,Mexican
R01721,Punjabi
R01722,Continental
R01723,Continental
R01724,Fast Food
R01725,Chettinad
R01726,Indo-Chinese
R01727,Chettinad
R01728,North Indian
R01729,BBQ
R01730,Chinese
R01731,Italian
R01732,Mexican
R01733,North Indian
R01734,Cafe
R01735,Fast Food
R01736,Chettinad
R01737,North Indian
R01738,Kerala
R01739,Hyderabadi
R01740,Fast Food
R01741,Punjabi
R01742,Continental
R01743,Continental
R01744,Rajasthani
R01745,Mexican
R01746,Chettinad
R01747,Chettinad
R01748,Indo-Chinese
R01749,Seafood
R01750,Bengali
R01751,Punjabi
R01752,Continental
R01753,Bakery
R01754,Mughlai
R01755,Indo-Chinese
R01756,Maharashtrian
R01757,Goan
R01758,Italian
R01759,Chinese
R01760,Street Food
R01761,Maharashtrian
R01762,Fast Food
R01763,BBQ
R01764,Rajasthani
R01765,Goan
R01766,Kerala
R01767,Italian
R01768,Hyderabadi
R01769,Maharashtrian
R01770,North Indian
R01771,Rajasthani
R01772,Gujarati
R01773,Mughlai
R01774,Mughlai
R01775,Mexican
R01776,Cafe
R01777,Chinese
R01778,Seafood
R01779,Italian
R01780,Mughlai
R01781,Kashmiri
R01782,Bengali
R01783,Maharashtrian
R01784,Gujarati
R01785,Kashmiri
R01786,Mughlai
R01787,Gujarati
R01788,Chinese
R01789,North Indian
R01790,South Indian
R01791,Gujarati
R01792,Continental
R01793,BBQ
R01794,Hyderabadi
R01795,Punjabi
R01796,North Indian
R01797,Bakery
R01798,Rajasthani
R01799,BBQ
R01800,BBQ
R01801,Seafood
R01802,Gujarati
R01803,Italian
R01804,Fast Food
R01805,Kerala
R01806,Fast Food
R01807,Cafe
R01808,BBQ
R01809,Hyderabadi
R01810,Gujarati
R01811,North Indian
R01812,Continental
R01813,Goan
R01814,Kashmiri
R01815,Kerala
R01816,Fast Food
R01817,Rajasthani
R01818,Mexican
R01819,Mexican
R01820,North Indian
R01821,Continental
R01822,Hyderabadi
R01823,Kashmiri
R01824,Continental
R01825,Goan
R01826,Awadhi
R01827,Rajasthani
R01828,Gujarati
R01829,Italian
R01830,BBQ
R01831,Cafe
R01832,Punjabi
R01833,Fast Food
R01834,Street Food
R01835,Goan
R01836,Punjabi
R01837,Indo-Chinese
R01838,Fast Food
R01839,South Indian
R01840,Maharashtrian
R01841,Cafe
R01842,Chinese
R01843,South Indian
R01844,Indo-Chinese
R01845,South Indian
R01846,Kerala
R01847,North Indian
R01848,Cafe
R01849,Seafood
R01850,Rajasthani
R01851,Street Food
R01852,Awadhi
R01853,Mexican
R01854,South Indian
R01855,Maharashtrian
R01856,Punjabi
R01857,Bakery
R01858,Chettinad
R01859,Mexican
R01860,Indo-Chinese
R01861,Bakery
R01862,Fast Food
R01863,Gujarati
R01864,Goan
R01865,Mughlai
R01866,Bengali
R01867,Indo-Chinese
R01868,Hyderabadi
R01869,Gujarati
R01870,BBQ
R01871,North Indian
R01872,Gujarati
R01873,Kashmiri
R01874,Kashmiri
R01875,Punjabi
R01876,Mexican
R01877,South Indian
R01878,Italian
R01879,Bengali
R01880,Maharashtrian
R01881,Maharashtrian
R01882,Mexican
R01883,Kerala
R01884,Bakery
R01885,Rajasthani
R01886,North Indian
R01887,Mexican
R01888,Kashmiri
R01889,BBQ
R01890,North Indian
R01891,Cafe
R01892,Rajasthani
R01893,BBQ
R01894,Continental
R01895,Continental
R01896,Street Food
R01897,Continental
R01898,Bakery
R01899,Gujarati
R01900,Mexican
R01901,Cafe
R01902,Kashmiri
R01903,Goan
R01904,Seafood
R01905,Mughlai
R01906,Awadhi
R01907,Goan
R01908,Seafood
R01909,Punjabi
R01910,Mexican
R01911,Kerala
R01912,Continental
R01913,Continental
R01914,Mexican
R01915,Gujarati
R01916,Italian
R01917,Street Food
R01918,South Indian
R01919,North Indian
R01920,Chettinad
R01921,Bakery
R01922,Continental
R01923,Seafood
R01924,Street Food
R01925,Gujarati
R01926,Kashmiri
R01927,Cafe
R01928,South Indian
R01929,Street Food
R01930,Italian
R01931,BBQ
R01932,Indo-Chinese
R01933,Punjabi
R01934,BBQ
R01935,Kashmiri
R01936,Mughlai
R01937,Seafood
R01938,Indo-Chinese
R01939,Gujarati
R01940,Awadhi
R01941,Cafe
R01942,Mexican
R01943,Gujarati
R01944,Chinese
R01945,Continental
R01946,Seafood
R01947,South Indian
R01948,Kashmiri
R01949,Chinese
R01950,Continental
R01951,Fast Food
R01952,Mexican
R01953,Mexican
R01954,Bengali
R01955,Continental
R01956,Continental
R01957,Bakery
R01958,Cafe
R01959,Street Food
R01960,Indo-Chinese
R01961,North Indian
R01962,Rajasthani
R01963,Fast Food
R01964,Street Food
R01965,Mexican
R01966,Maharashtrian
R01967,Street Food
R01968,Mughlai
R01969,Street Food
R01970,Gujarati
R01971,Gujarati
R01972,Mughlai
R01973,BBQ
R01974,Bengali
R01975,Gujarati
R01976,North Indian
R01977,Italian
R01978,Street Food
R01979,Bengali
R01980,Italian
R01981,Bengali
R01982,Chettinad
R01983,Fast Food
R01984,Hyderabadi
R01985,Hyderabadi
R01986,Bakery
R01987,Seafood
R01988,Street Food
R01989,Continental
R01990,Cafe
R01991,Awadhi
R01992,Mexican
R01993,Continental
R01994,Fast Food
R01995,Goan
R01996,Mughlai
R01997,Street Food
R01998,Bengali
R01999,Kerala
R02000,Bengali
R02001,Bengali
R02002,BBQ
R02003,South Indian
R02004,Kashmiri
R02005,North Indian
R02006,Mexican
R02007,Mughlai
R02008,Continental
R02009,Fast Food
R02010,Maharashtrian
R02011,Chettinad
R02012,Mughlai
R02013,Cafe
R02014,South Indian
R02015,Goan
R02016,Indo-Chinese
R02017,Seafood
R02018,Street Food
R02019,South Indian
R02020,Kerala
R02021,Bengali
R02022,Bakery
R02023,Maharashtrian
R02024,Punjabi
R02025,Italian
R02026,Goan
R02027,Seafood
R02028,Mughlai
R02029,BBQ
R02030,Punjabi
R02031,Mughlai
R02032,Seafood
R02033,Bengali
R02034,Punjabi
R02035,Mughlai
R02036,North Indian
R02037,Awadhi
R02038,Italian
R02039,Street Food
R02040,Awadhi
R02041,South Indian
R02042,Awadhi
R02043,Hyderabadi
R02044,Goan
R02045,Chinese
R02046,Hyderabadi
R02047,Maharashtrian
R02048,South Indian
R02049,Fast Food
R02050,Hyderabadi
R02051,South Indian
R02052,Italian
R02053,Gujarati
R02054,Kashmiri
R02055,BBQ
R02056,Gujarati
R02057,Rajasthani
R02058,Mexican
R02059,South Indian
R02060,Awadhi
R02061,Hyderabadi
R02062,Chinese
R02063,Kashmiri
R02064,Goan
R02065,Mexican
R02066,BBQ
R02067,Goan
R02068,Chettinad
R02069,Chinese
R02070,Punjabi
R02071,Mexican
R02072,Continental
R02073,South Indian
R02074,Indo-Chinese
R02075,Hyderabadi
R02076,South Indian
R02077,North Indian
R02078,BBQ
R02079,Goan
R02080,BBQ
R02081,Chettinad
R02082,North Indian
R02083,Bakery
R02084,Gujarati
R02085,Mexican
R02086,Indo-Chinese
R02087,South Indian
R02088,Gujarati
R02089,Maharashtrian
R02090,Awadhi
R02091,Rajasthani
R02092,Chettinad
R02093,Chinese
R02094,Gujarati
R02095,Mexican
R02096,Seafood
R02097,Mughlai
R02098,Mexican
R02099,Punjabi
R02100,Maharashtrian
R02101,Awadhi
R02102,Indo-Chinese
R02103,BBQ
R02104,Kerala
R02105,Street Food
R02106,Street Food
R02107,Mexican
R02108,Cafe
R02109,Rajasthani
R02110,Gujarati
R02111,Chinese
R02112,Italian
R02113,Fast Food
R02114,Bengali
R02115,Mughlai
R02116,Gujarati
R02117,Street Food
R02118,Mughlai
R02119,Kerala
R02120,Awadhi
R02121,Bengali
R02122,Goan
R02123,Mughlai
R02124,Chinese
R02125,South Indian
R02126,Italian
R02127,Hyderabadi
R02128,Kerala
R02129,Kashmiri
R02130,Chinese
R02131,Kerala
R02132,Gujarati
R02133,Bengali
R02134,Rajasthani
R02135,Kerala
R02136,Chettinad
R02137,Punjabi
R02138,Indo-Chinese
R02139,Goan
R02140,Fast Food
R02141,Goan
R02142,South Indian
R02143,Fast Food
R02144,North Indian
R02145,Bakery
R02146,Rajasthani
R02147,Indo-Chinese
R02148,Bengali
R02149,Kashmiri
R02150,Bakery
R02151,Mughlai
R02152,Chettinad
R02153,Rajasthani
R02154,Indo-Chinese
R02155,Chinese
R02156,Street Food
R02157,North Indian
R02158,Mughlai
R02159,Cafe
R02160,Bengali
R02161,Mughlai
R02162,Mexican
R02163,Kashmiri
R02164,Mughlai
R02165,Continental
R02166,North Indian
R02167,Mughlai
R02168,Cafe
R02169,Hyderabadi
R02170,Goan
R02171,Goan
R02172,Fast Food
R02173,BBQ
R02174,Fast Food
R02175,Rajasthani
R02176,Kashmiri
R02177,North Indian
R02178,Awadhi
R02179,Bakery
R02180,Street Food
R02181,Kerala
R02182,South Indian
R02183,Mughlai
R02184,BBQ
R02185,Indo-Chinese
R02186,Street Food
R02187,BBQ
R02188,Seafood
R02189,Kashmiri
R02190,Goan
R02191,Chinese
R02192,Chettinad
R02193,Mughlai
R02194,Kerala
R02195,Rajasthani
R02196,Italian
R02197,Kashmiri
R02198,Bakery
R02199,Fast Food
R02200,Goan
R02201,Bakery
R02202,Chettinad
R02203,Kerala
R02204,Hyderabadi
R02205,Indo-Chinese
R02206,Street Food
R02207,Mughlai
R02208,South Indian
R02209,Kashmiri
R02210,Italian
R02211,Gujarati
R02212,Cafe
R02213,Mughlai
R02214,Indo-Chinese
R02215,Chettinad
R02216,Indo-Chinese
R02217,Cafe
R02218,Kashmiri
R02219,Indo-Chinese
R02220,Punjabi
R02221,Kashmiri
R02222,Mughlai
R02223,Seafood
R02224,Hyderabadi
R02225,Chinese
R02226,Bengali
R02227,Fast Food
R02228,Cafe
R02229,Chettinad
R02230,Hyderabadi
R02231,Chinese
R02232,Chettinad
R02233,South Indian
R02234,Street Food
R02235,South Indian
R02236,Gujarati
R02237,Punjabi
R02238,Hyderabadi
R02239,Kashmiri
R02240,Seafood
R02241,Cafe
R02242,North Indian
R02243,Bakery
R02244,Indo-Chinese
R02245,North Indian
R02246,Rajasthani
R02247,Maharashtrian
R02248,Seafood
R02249,Maharashtrian
R02250,Gujarati
R02251,Bengali
R02252,Bengali
R02253,Bengali
R02254,Kerala
R02255,Goan
R02256,Rajasthani
R02257,North Indian
R02258,Italian
R02259,Street Food
R02260,Awadhi
R02261,Mughlai
R02262,Kashmiri
R02263,North Indian
R02264,Cafe
R02265,Italian
R02266,Street Food
R02267,Mughlai
R02268,Mughlai
R02269,South Indian
R02270,Bengali
R02271,Italian
R02272,Chettinad
R02273,Street Food
R02274,Bakery
R02275,Fast Food
R02276,Hyderabadi
R02277,Kashmiri
R02278,Rajasthani
R02279,Goan
R02280,Fast Food
R02281,Kashmiri
R02282,North Indian
R02283,North Indian
R02284,Italian
R02285,Hyderabadi
R02286,Bakery
R02287,Hyderabadi
R02288,Indo-Chinese
R02289,Seafood
R02290,Italian
R02291,Goan
R02292,Continental
R02293,Bengali
R02294,Kashmiri
R02295,Punjabi
R02296,Kerala
R02297,Kashmiri
R02298,Seafood
R02299,Indo-Chinese
R02300,Street Food
R02301,Maharashtrian
R02302,Seafood
R02303,Chettinad
R02304,Indo-Chinese
R02305,Kerala
R02306,Punjabi
R02307,Indo-Chinese
R02308,South Indian
R02309,Goan
R02310,Fast Food
R02311,Goan
R02312,BBQ
R02313,Mughlai
R02314,Kerala
R02315,Fast Food
R02316,Chettinad
R02317,North Indian
R02318,Kerala
R02319,Bakery
R02320,Awadhi
R02321,Indo-Chinese
R02322,Rajasthani
R02323,Goan
R02324,Mexican
R02325,Kashmiri
R02326,Bakery
R02327,BBQ
R02328,BBQ
R02329,Gujarati
R02330,Kashmiri
R02331,Italian
R02332,Kashmiri
R02333,Hyderabadi
R02334,Italian
R02335,Maharashtrian
R02336,Maharashtrian
R02337,Chettinad
R02338,Kashmiri
R02339,Mughlai
R02340,Rajasthani
R02341,Goan
R02342,Continental
R02343,BBQ
R02344,Gujarati
R02345,Indo-Chinese
R02346,Mughlai
R02347,Punjabi
R02348,Goan
R02349,North Indian
R02350,Mughlai
R02351,Chinese
R02352,Mexican
R02353,BBQ
R02354,Awadhi
R02355,Indo-Chinese
R02356,North Indian
R02357,North Indian
R02358,Bakery
R02359,Cafe
R02360,Bengali
R02361,Indo-Chinese
R02362,Bakery
R02363,Chinese
R02364,Kashmiri
R02365,Italian
R02366,Mexican
R02367,Chinese
R02368,Goan
R02369,Mughlai
R02370,North Indian
R02371,Hyderabadi
R02372,Hyderabadi
R02373,Fast Food
R02374,Hyderabadi
R02375,BBQ
R02376,Fast Food
R02377,Indo-Chinese
R02378,Indo-Chinese
R02379,Bakery
R02380,South Indian
R02381,Kerala
R02382,Cafe
R02383,Rajasthani
R02384,Maharashtrian
R02385,Italian
R02386,Gujarati
R02387,Chinese
R02388,Indo-Chinese
R02389,Cafe
R02390,Kashmiri
R02391,Mexican
R02392,Kashmiri
R02393,Italian
R02394,Kerala
R02395,Punjabi
R02396,Chettinad
R02397,Chettinad
R02398,North Indian
R02399,Maharashtrian
R02400,Mughlai
R02401,Awadhi
R02402,Punjabi
R02403,Fast Food
R02404,Kerala
R02405,Mughlai
R02406,Bengali
R02407,Street Food
R02408,Hyderabadi
R02409,BBQ
R02410,Goan
R02411,Continental
R02412,Indo-Chinese
R02413,Indo-Chinese
R02414,Goan
R02415,Kerala
R02416,Hyderabadi
R02417,North Indian
R02418,Chettinad
R02419,Bengali
R02420,Maharashtrian
R02421,Chinese
R02422,Chettinad
R02423,Continental
R02424,Awadhi
R02425,Hyderabadi
R02426,Goan
R02427,Punjabi
R02428,Chettinad
R02429,Bengali
R02430,Kashmiri
R02431,North Indian
R02432,Fast Food
R02433,North Indian
R02434,Hyderabadi
R02435,Chettinad
R02436,South Indian
R02437,North Indian
R02438,Indo-Chinese
R02439,Fast Food
R02440,Chettinad
R02441,Kashmiri
R02442,Bakery
R02443,Chinese
R02444,Indo-Chinese
R02445,South Indian
R02446,Goan
R02447,Goan
R02448,Punjabi
R02449,North Indian
R02450,Kerala
R02451,South Indian
R02452,Chettinad
R02453,Awadhi
R02454,Mexican
R02455,Kerala
R02456,South Indian
R02457,Continental
R02458,Rajasthani
R02459,Kashmiri
R02460,Rajasthani
R02461,Hyderabadi
R02462,Rajasthani
R02463,Kerala
R02464,Fast Food
R02465,Maharashtrian
R02466,Chinese
R02467,Italian
R02468,South Indian
R02469,BBQ
R02470,Maharashtrian
R02471,Kerala
R02472,Fast Food
R02473,Italian
R02474,BBQ
R02475,Kashmiri
R02476,Mughlai
R02477,Street Food
R02478,Maharashtrian
R02479,Kerala
R02480,North Indian
R02481,Maharashtrian
R02482,Bengali
R02483,Fast Food
R02484,Kashmiri
R02485,Maharashtrian
R02486,Cafe
R02487,Indo-Chinese
R02488,Chettinad
R02489,Kerala
R02490,Street Food
R02491,Chettinad
R02492,Mughlai
R02493,Bengali
R02494,Awadhi
R02495,North Indian
R02496,Awadhi
R02497,Kerala
R02498,Street Food
R02499,BBQ
R02500,Maharashtrian
R02501,Awadhi
R02502,North Indian
R02503,Rajasthani
R02504,Continental
R02505,Rajasthani
R02506,Kashmiri
R02507,South Indian
R02508,Fast Food
R02509,Punjabi
R02510,Mughlai
R02511,Cafe
R02512,Cafe
R02513,Chettinad
R02514,Hyderabadi
R02515,Maharashtrian
R02516,Bengali
R02517,Italian
R02518,Rajasthani
R02519,Indo-Chinese
R02520,Italian
R02521,Punjabi
R02522,Chettinad
R02523,Seafood
R02524,Chinese
R02525,Punjabi
R02526,Fast Food
R02527,Indo-Chinese
R02528,Awadhi
R02529,Street Food
R02530,Bengali
R02531,Chinese
R02532,Hyderabadi
R02533,BBQ
R02534,Bengali
R02535,Cafe
R02536,South Indian
R02537,Chinese
R02538,Maharashtrian
R02539,Kerala
R02540,Goan
R02541,Maharashtrian
R02542,Maharashtrian
R02543,Indo-Chinese
R02544,Continental
R02545,Bengali
R02546,Bengali
R02547,Fast Food
R02548,Seafood
R02549,Goan
R02550,Kashmiri
R02551,Hyderabadi
R02552,Chettinad
R02553,Continental
R02554,Mexican
R02555,Chettinad
R02556,North Indian
R02557,Gujarati
R02558,Italian
R02559,Goan
R02560,Bakery
R02561,Cafe
R02562,Kashmiri
R02563,BBQ
R02564,Street Food
R02565,Fast Food
R02566,Hyderabadi
R02567,North Indian
R02568,Continental
R02569,Fast Food
R02570,Awadhi
R02571,Continental
R02572,North Indian
R02573,Rajasthani
R02574,Awadhi
R02575,Kerala
R02576,Cafe
R02577,Bakery
R02578,Bakery
R02579,Bengali
R02580,Punjabi
R02581,Cafe
R02582,Bengali
R02583,BBQ
R02584,Awadhi
R02585,Awadhi
R02586,Street Food
R02587,Kashmiri
R02588,Chettinad
R02589,Street Food
R02590,Awadhi
R02591,Italian
R02592,Kerala
R02593,Street Food
R02594,Chinese
R02595,Seafood
R02596,Kerala
R02597,Indo-Chinese
R02598,Rajasthani
R02599,Mughlai
R02600,Hyderabadi
R02601,Italian
R02602,Punjabi
R02603,Cafe
R02604,Punjabi
R02605,Fast Food
R02606,Cafe
R02607,Continental
R02608,Awadhi
R02609,Cafe
R02610,Chettinad
R02611,Fast Food
R02612,South Indian
R02613,Awadhi
R02614,Indo-Chinese
R02615,Bengali
R02616,Chettinad
R02617,Punjabi
R02618,Goan
R02619,Cafe
R02620,Street Food
R02621,Indo-Chinese
R02622,Bakery
R02623,BBQ
R02624,Gujarati
R02625,Kerala
R02626,Chinese
R02627,South Indian
R02628,Chinese
R02629,Chinese
R02630,Continental
R02631,Mexican
R02632,Kerala
R02633,North Indian
R02634,Mexican
R02635,Seafood
R02636,Bakery
R02637,Continental
R02638,Goan
R02639,Bakery
R02640,Chettinad
R02641,South Indian
R02642,Cafe
R02643,BBQ
R02644,Street Food
R02645,Rajasthani
R02646,Street Food
R02647,Seafood
R02648,Seafood
R02649,Fast Food
R02650,Punjabi
R02651,South Indian
R02652,Mexican
R02653,Fast Food
R02654,BBQ
R02655,Rajasthani
R02656,Punjabi
R02657,Bengali
R02658,Maharashtrian
R02659,Kashmiri
R02660,Mughlai
R02661,South Indian
R02662,Bakery
R02663,South Indian
R02664,Rajasthani
R02665,Mexican
R02666,Street Food
R02667,Chettinad
R02668,Seafood
R02669,Cafe
R02670,Cafe
R02671,Italian
R02672,Maharashtrian
R02673,Kashmiri
R02674,Gujarati
R02675,Gujarati
R02676,Street Food
R02677,Bakery
R02678,Fast Food
R02679,Gujarati
R02680,Punjabi
R02681,Bakery
R02682,Seafood
R02683,Chinese
R02684,Kerala
R02685,Indo-Chinese
R02686,Cafe
R02687,Chettinad
R02688,Awadhi
R02689,Mexican
R02690,Italian
R02691,Chinese
R02692,Fast Food
R02693,Kerala
R02694,Chettinad
R02695,Street Food
R02696,North Indian
R02697,BBQ
R02698,South Indian
R02699,Bengali
R02700,Indo-Chinese
R02701,Rajasthani
R02702,Hyderabadi
R02703,Chettinad
R02704,Bengali
R02705,Cafe
R02706,Bakery
R02707,Rajasthani
R02708,Goan
R02709,Cafe
R02710,Hyderabadi
R02711,Chettinad
R02712,South Indian
R02713,Fast Food
R02714,South Indian
R02715,Goan
R02716,Cafe
R02717,Seafood
R02718,Mexican
R02719,Mexican
R02720,Gujarati
R02721,Awadhi
R02722,Mexican
R02723,Bengali
R02724,Hyderabadi
R02725,Mughlai
R02726,North Indian
R02727,Chinese
R02728,Gujarati
R02729,Goan
R02730,Maharashtrian
R02731,Bakery
R02732,South Indian
R02733,Continental
R02734,Kerala
R02735,Street Food
R02736,Seafood
R02737,Continental
R02738,Punjabi
R02739,Bengali
R02740,South Indian
R02741,Kashmiri
R02742,North Indian
R02743,Maharashtrian
R02744,BBQ
R02745,North Indian
R02746,Gujarati
R02747,Indo-Chinese
R02748,Hyderabadi
R02749,Gujarati
R02750,Maharashtrian
R02751,Italian
R02752,Rajasthani
R02753,Bengali
R02754,BBQ
R02755,Awadhi
R02756,Continental
R02757,Chettinad
R02758,Chinese
R02759,Italian
R02760,Bengali
R02761,Punjabi
R02762,Chinese
R02763,Fast Food
R02764,Mexican
R02765,Rajasthani
R02766,Fast Food
R02767,Punjabi
R02768,Cafe
R02769,North Indian
R02770,Punjabi
R02771,Continental
R02772,Punjabi
R02773,Continental
R02774,Hyderabadi
R02775,Continental
R02776,Mughlai
R02777,Mexican
R02778,Maharashtrian
R02779,Kerala
R02780,BBQ
R02781,BBQ
R02782,Mughlai
R02783,Maharashtrian
R02784,South Indian
R02785,Kerala
R02786,Seafood
R02787,Goan
R02788,Maharashtrian
R02789,Bengali
R02790,Maharashtrian
R02791,Seafood
R02792,Gujarati
R02793,Rajasthani
R02794,Italian
R02795,Goan
R02796,Kerala
R02797,Cafe
R02798,South Indian
R02799,Bakery
R02800,Cafe
R02801,Rajasthani
R02802,Indo-Chinese
R02803,Punjabi
R02804,Goan
R02805,Chinese
R02806,North Indian
R02807,Mexican
R02808,Italian
R02809,Cafe
R02810,Goan
R02811,Awadhi
R02812,Kashmiri
R02813,Punjabi
R02814,Seafood
R02815,Chinese
R02816,Awadhi
R02817,Gujarati
R02818,Chettinad
R02819,Hyderabadi
R02820,Street Food
R02821,Chinese
R02822,Bakery
R02823,Indo-Chinese
R02824,Kashmiri
R02825,North Indian
R02826,Kashmiri
R02827,South Indian
R02828,Kashmiri
R02829,Bakery
R02830,Seafood
R02831,Bakery
R02832,Italian
R02833,Fast Food
R02834,Awadhi
R02835,Chettinad
R02836,Fast Food
R02837,Cafe
R02838,North Indian
R02839,South Indian
R02840,Awadhi
R02841,Bakery
R02842,Chinese
R02843,Cafe
R02844,Seafood
R02845,Gujarati
R02846,Awadhi
R02847,Indo-Chinese
R02848,Maharashtrian
R02849,Punjabi
R02850,BBQ
R02851,Punjabi
R02852,Awadhi
R02853,Indo-Chinese
R02854,North Indian
R02855,Cafe
R02856,Fast Food
R02857,Fast Food
R02858,Rajasthani
R02859,Mexican
R02860,Street Food
R02861,North Indian
R02862,Punjabi
R02863,Bengali
R02864,Goan
R02865,Seafood
R02866,South Indian
R02867,Mughlai
R02868,Cafe
R02869,North Indian
R02870,Bakery
R02871,Continental
R02872,Rajasthani
R02873,Punjabi
R02874,Awadhi
R02875,Continental
R02876,Chinese
R02877,Continental
R02878,Mexican
R02879,Street Food
R02880,Continental
R02881,South Indian
R02882,North Indian
R02883,Hyderabadi
R02884,Gujarati
R02885,Rajasthani
R02886,Awadhi
R02887,South Indian
R02888,Bakery
R02889,Gujarati
R02890,Cafe
R02891,Street Food
R02892,Indo-Chinese
R02893,Rajasthani
R02894,Awadhi
R02895,Kashmiri
R02896,Bengali
R02897,BBQ
R02898,Mughlai
R02899,Kerala
R02900,Fast Food
R02901,Indo-Chinese
R02902,Mughlai
R02903,Mexican
R02904,Maharashtrian
R02905,Cafe
R02906,Fast Food
R02907,Cafe
R02908,Kerala
R02909,Italian
R02910,South Indian
R02911,Bakery
R02912,Bakery
R02913,Mughlai
R02914,Kerala
R02915,Rajasthani
R02916,Bakery
R02917,Continental
R02918,Continental
R02919,North Indian
R02920,Bakery
R02921,Seafood
R02922,Seafood
R02923,Street Food
R02924,Kashmiri
R02925,Bengali
R02926,Bengali
R02927,Awadhi
R02928,Mughlai
R02929,Italian
R02930,Gujarati
R02931,Seafood
R02932,Goan
R02933,Cafe
R02934,Street Food
R02935,Continental
R02936,Awadhi
R02937,Indo-Chinese
R02938,Indo-Chinese
R02939,Kerala
R02940,Mughlai
R02941,Chinese
R02942,Kashmiri
R02943,Mexican
R02944,Maharashtrian
R02945,Chinese
R02946,Goan
R02947,Kashmiri
R02948,Chettinad
R02949,Hyderabadi
R02950,Punjabi
R02951,Maharashtrian
R02952,Kashmiri
R02953,Mughlai
R02954,Bakery
R02955,Kashmiri
R02956,Fast Food
R02957,South Indian
R02958,Bengali
R02959,Chettinad
R02960,Awadhi
R02961,Chettinad
R02962,Bengali
R02963,Mexican
R02964,South Indian
R02965,BBQ
R02966,Chinese
R02967,Bakery
R02968,Italian
R02969,Mughlai
R02970,Awadhi
R02971,Indo-Chinese
R02972,Chettinad
R02973,Rajasthani
R02974,Gujarati
R02975,Kashmiri
R02976,Fast Food
R02977,South Indian
R02978,Italian
R02979,Goan
R02980,Chettinad
R02981,South Indian
R02982,Rajasthani
R02983,Mughlai
R02984,Awadhi
R02985,Hyderabadi
R02986,Awadhi
R02987,Kerala
R02988,Indo-Chinese
R02989,Punjabi
R02990,Cafe
R02991,Cafe
R02992,Bakery
R02993,Bakery
R02994,Gujarati
R02995,Kashmiri
R02996,Fast Food
R02997,Chinese
R02998,Cafe
R02999,Cafe
R03000,Street Food
R03001,Italian
R03002,Bengali
R03003,Indo-Chinese
R03004,Mughlai
R03005,Chettinad
R03006,Seafood
R03007,Mexican
R03008,Chinese
R03009,Awadhi
R03010,Punjabi
R03011,Fast Food
R03012,Street Food
R03013,North Indian
R03014,Italian
R03015,Hyderabadi
R03016,Mughlai
R03017,BBQ
R03018,Punjabi
R03019,Chinese
R03020,Cafe
R03021,Kashmiri
R03022,Indo-Chinese
R03023,Awadhi
R03024,Mughlai
R03025,Continental
R03026,South Indian
R03027,Chettinad
R03028,Italian
R03029,Mughlai
R03030,Awadhi
R03031,BBQ
R03032,North Indian
R03033,Kerala
R03034,Awadhi
R03035,Awadhi
R03036,Kashmiri
R03037,Rajasthani
R03038,Continental
R03039,Bakery
R03040,South Indian
R03041,Mughlai
R03042,Goan
R03043,Seafood
R03044,Maharashtrian
R03045,Seafood
R03046,Seafood
R03047,Italian
R03048,Maharashtrian
R03049,Kerala
R03050,BBQ
R03051,Fast Food
R03052,BBQ
R03053,Mughlai
R03054,Seafood
R03055,Kashmiri
R03056,Hyderabadi
R03057,Mexican
R03058,Italian
R03059,Chinese
R03060,Indo-Chinese
R03061,North Indian
R03062,Goan
R03063,Gujarati
R03064,BBQ
R03065,Goan
R03066,Kerala
R03067,Rajasthani
R03068,Bengali
R03069,Seafood
R03070,Rajasthani
R03071,Kashmiri
R03072,Chinese
R03073,Fast Food
R03074,Seafood
R03075,Bakery
R03076,Maharashtrian
R03077,Mexican
R03078,Goan
R03079,Punjabi
R03080,Chinese
R03081,Hyderabadi
R03082,Continental
R03083,Chettinad
R03084,Mexican
R03085,North Indian
R03086,Maharashtrian
R03087,BBQ
R03088,BBQ
R03089,Fast Food
R03090,Street Food
R03091,Cafe
R03092,Mughlai
R03093,Hyderabadi
R03094,Rajasthani
R03095,Goan
R03096,Chettinad
R03097,Fast Food
R03098,Mexican
R03099,Hyderabadi
R03100,Indo-Chinese
R03101,Goan
R03102,Maharashtrian
R03103,Fast Food
R03104,Bakery
R03105,Indo-Chinese
R03106,Indo-Chinese
R03107,Continental
R03108,Hyderabadi
R03109,Mughlai
R03110,BBQ
R03111,Chinese
R03112,Italian
R03113,Punjabi
R03114,Italian
R03115,Cafe
R03116,North Indian
R03117,Chinese
R03118,Chettinad
R03119,Indo-Chinese
R03120,Bakery
R03121,Awadhi
R03122,South Indian
R03123,Kashmiri
R03124,Hyderabadi
R03125,Punjabi
R03126,Gujarati
R03127,North Indian
R03128,Continental
R03129,Cafe
R03130,Fast Food
R03131,Hyderabadi
R03132,Awadhi
R03133,Italian
R03134,Mughlai
R03135,Mughlai
R03136,Cafe
R03137,North Indian
R03138,Maharashtrian
R03139,Maharashtrian
R03140,Maharashtrian
R03141,BBQ
R03142,Fast Food
R03143,Indo-Chinese
R03144,South Indian
R03145,Goan
R03146,BBQ
R03147,Hyderabadi
R03148,Cafe
R03149,Chettinad
R03150,South Indian
R03151,Rajasthani
R03152,Goan
R03153,Rajasthani
R03154,Mughlai
R03155,North Indian
R03156,Italian
R03157,Mexican
R03158,Punjabi
R03159,Italian
R03160,Mexican
R03161,Awadhi
R03162,Street Food
R03163,Seafood
R03164,Mughlai
R03165,Chettinad
R03166,Awadhi
R03167,Mughlai
R03168,Hyderabadi
R03169,Kashmiri
R03170,Bengali
R03171,Chettinad
R03172,Bengali
R03173,Chinese
R03174,Maharashtrian
R03175,Punjabi
R03176,Street Food
R03177,Chettinad
R03178,Bakery
R03179,South Indian
R03180,Kerala
R03181,Mexican
R03182,Punjabi
R03183,Rajasthani
R03184,Awadhi
R03185,South Indian
R03186,Street Food
R03187,Fast Food
R03188,South Indian
R03189,South Indian
R03190,Maharashtrian
R03191,Mexican
R03192,Bakery
R03193,Kashmiri
R03194,North Indian
R03195,Cafe
R03196,Maharashtrian
R03197,Italian
R03198,Bengali
R03199,Mexican
R03200,BBQ
R03201,Italian
R03202,Awadhi
R03203,Continental
R03204,Bakery
R03205,Mexican
R03206,Gujarati
R03207,Hyderabadi
R03208,Cafe
R03209,Cafe
R03210,Continental
R03211,Mughlai
R03212,Bengali
R03213,Maharashtrian
R03214,Awadhi
R03215,Bakery
R03216,Seafood
R03217,Gujarati
R03218,Awadhi
R03219,Seafood
R03220,Seafood
R03221,Mexican
R03222,North Indian
R03223,Hyderabadi
R03224,Hyderabadi
R03225,Mughlai
R03226,Cafe
R03227,Rajasthani
R03228,South Indian
R03229,Street Food
R03230,BBQ
R03231,Rajasthani
R03232,Chinese
R03233,Indo-Chinese
R03234,Kerala
R03235,Indo-Chinese
R03236,Kashmiri
R03237,Bakery
R03238,North Indian
R03239,Goan
R03240,South Indian
R03241,Mexican
R03242,Seafood
R03243,Continental
R03244,Mughlai
R03245,Hyderabadi
R03246,Street Food
R03247,South Indian
R03248,BBQ
R03249,Goan
R03250,Rajasthani
R03251,Kerala
R03252,Chettinad
R03253,Indo-Chinese
R03254,Mughlai
R03255,Mughlai
R03256,BBQ
R03257,North Indian
R03258,Mughlai
R03259,South Indian
R03260,Goan
R03261,Goan
R03262,Awadhi
R03263,Bakery
R03264,Goan
R03265,Continental
R03266,Street Food
R03267,North Indian
R03268,Street Food
R03269,Street Food
R03270,Gujarati
R03271,Chettinad
R03272,Mughlai
R03273,Maharashtrian
R03274,Mughlai
R03275,Bakery
R03276,Chettinad
R03277,Continental
R03278,North Indian
R03279,Rajasthani
R03280,Chinese
R03281,Chinese
R03282,Bengali
R03283,Kashmiri
R03284,Chettinad
R03285,Continental
R03286,Chinese
R03287,Bakery
R03288,BBQ
R03289,North Indian
R03290,Rajasthani
R03291,Maharashtrian
R03292,Gujarati
R03293,BBQ
R03294,Bengali
R03295,South Indian
R03296,Rajasthani
R03297,Kashmiri
R03298,Punjabi
R03299,BBQ
R03300,Awadhi
R03301,Gujarati
R03302,Gujarati
R03303,Indo-Chinese
R03304,Chettinad
R03305,Indo-Chinese
R03306,Kerala
R03307,Chettinad
R03308,Fast Food
R03309,Gujarati
R03310,Italian
R03311,North Indian
R03312,Mughlai
R03313,Italian
R03314,Street Food
R03315,Kerala
R03316,Chinese
R03317,Gujarati
R03318,Continental
R03319,Kerala
R03320,Chettinad
R03321,Indo-Chinese
R03322,Gujarati
R03323,Fast Food
R03324,Goan
R03325,Bakery
R03326,Chinese
R03327,Mughlai
R03328,Awadhi
R03329,Maharashtrian
R03330,Rajasthani
R03331,North Indian
R03332,Bengali
R03333,Bengali
R03334,Seafood
R03335,Bakery
R03336,Seafood
R03337,Mexican
R03338,Bengali
R03339,Kashmiri
R03340,Seafood
R03341,Cafe
R03342,Punjabi
R03343,Mughlai
R03344,Seafood
R03345,Hyderabadi
R03346,Rajasthani
R03347,Hyderabadi
R03348,Italian
R03349,Kerala
R03350,Cafe
R03351,Bakery
R03352,Bakery
R03353,Kashmiri
R03354,Bengali
R03355,Maharashtrian
R03356,Bengali
R03357,Seafood
R03358,Hyderabadi
R03359,Bakery
R03360,Hyderabadi
R03361,Hyderabadi
R03362,Bengali
R03363,Chettinad
R03364,North Indian
R03365,North Indian
R03366,Fast Food
R03367,South Indian
R03368,Mexican
R03369,Kerala
R03370,Cafe
R03371,Bengali
R03372,Street Food
R03373,Indo-Chinese
R03374,Street Food
R03375,Street Food
R03376,Mexican
R03377,Italian
R03378,North Indian
R03379,Bakery
R03380,Awadhi
R03381,Italian
R03382,BBQ
R03383,Mughlai
R03384,North Indian
R03385,Hyderabadi
R03386,Fast Food
R03387,Bakery
R03388,Rajasthani
R03389,Street Food
R03390,Continental
R03391,Hyderabadi
R03392,Bengali
R03393,Kashmiri
R03394,Maharashtrian
R03395,Bakery
R03396,Continental
R03397,Italian
R03398,Awadhi
R03399,Kerala
R03400,Hyderabadi
R03401,BBQ
R03402,Kerala
R03403,Italian
R03404,Indo-Chinese
R03405,North Indian
R03406,Chinese
R03407,Hyderabadi
R03408,Kerala
R03409,Goan
R03410,Mughlai
R03411,Fast Food
R03412,Chinese
R03413,Continental
R03414,Seafood
R03415,Rajasthani
R03416,Hyderabadi
R03417,BBQ
R03418,Mughlai
R03419,Continental
R03420,Italian
R03421,Chinese
R03422,Chinese
R03423,Indo-Chinese
R03424,Seafood
R03425,Bengali
R03426,Chinese
R03427,Punjabi
R03428,Seafood
R03429,North Indian
R03430,Punjabi
R03431,BBQ
R03432,Kerala
R03433,Continental
R03434,Gujarati
R03435,Kashmiri
R03436,Street Food
R03437,Mexican
R03438,Hyderabadi
R03439,BBQ
R03440,Rajasthani
R03441,Gujarati
R03442,BBQ
R03443,Punjabi
R03444,Kerala
R03445,Gujarati
R03446,Chinese
R03447,Hyderabadi
R03448,Kerala
R03449,Chinese
R03450,Goan
R03451,Cafe
R03452,BBQ
R03453,Hyderabadi
R03454,Italian
R03455,Street Food
R03456,Gujarati
R03457,Fast Food
R03458,Kashmiri
R03459,Punjabi
R03460,Gujarati
R03461,Gujarati
R03462,Bakery
R03463,South Indian
R03464,Awadhi
R03465,South Indian
R03466,Hyderabadi
R03467,Chinese
R03468,Street Food
R03469,BBQ
R03470,Bengali
R03471,Chinese
R03472,Kashmiri
R03473,South Indian
R03474,Gujarati
R03475,Chettinad
R03476,Gujarati
R03477,South Indian
R03478,Rajasthani
R03479,Cafe
R03480,Chinese
R03481,Maharashtrian
R03482,South Indian
R03483,Fast Food
R03484,Bengali
R03485,Street Food
R03486,Chinese
R03487,Continental
R03488,Kashmiri
R03489,North Indian
R03490,Bakery
R03491,Chettinad
R03492,Indo-Chinese
R03493,South Indian
R03494,Goan
R03495,Seafood
R03496,Chettinad
R03497,Seafood
R03498,Cafe
R03499,Street Food
R03500,Kerala
R03501,Italian
R03502,Goan
R03503,Mughlai
R03504,Punjabi
R03505,Cafe
R03506,Mughlai
R03507,North Indian
R03508,Punjabi
R03509,Mexican
R03510,Maharashtrian
R03511,Bengali
R03512,Bakery
R03513,Goan
R03514,Street Food
R03515,Maharashtrian
R03516,Mexican
R03517,North Indian
R03518,North Indian
R03519,Awadhi
R03520,Hyderabadi
R03521,Awadhi
R03522,Indo-Chinese
R03523,Seafood
R03524,Street Food
R03525,Awadhi
R03526,Fast Food
R03527,Hyderabadi
R03528,Chinese
R03529,Awadhi
R03530,Bakery
R03531,Street Food
R03532,South Indian
R03533,Goan
R03534,South Indian
R03535,Mexican
R03536,Hyderabadi
R03537,Cafe
R03538,Mughlai
R03539,Goan
R03540,Street Food
R03541,Chettinad
R03542,Goan
R03543,Chinese
R03544,Chinese
R03545,South Indian
R03546,Continental
R03547,North Indian
R03548,Maharashtrian
R03549,Indo-Chinese
R03550,Kerala
R03551,Bakery
R03552,South Indian
R03553,Punjabi
R03554,Mexican
R03555,Punjabi
R03556,Chettinad
R03557,Continental
R03558,Italian
R03559,Bengali
R03560,Kerala
R03561,Kashmiri
R03562,Fast Food
R03563,Awadhi
R03564,Punjabi
R03565,Kerala
R03566,Italian
R03567,Mughlai
R03568,Seafood
R03569,Punjabi
R03570,North Indian
R03571,Maharashtrian
R03572,Rajasthani
R03573,Continental
R03574,Gujarati
R03575,Rajasthani
R03576,Fast Food
R03577,Mexican
R03578,Kerala
R03579,North Indian
R03580,Fast Food
R03581,Seafood
R03582,Kerala
R03583,North Indian
R03584,Fast Food
R03585,Kerala
R03586,Bakery
R03587,South Indian
R03588,Italian
R03589,Mexican
R03590,Continental
R03591,Bengali
R03592,Hyderabadi
R03593,Kerala
R03594,Bengali
R03595,North Indian
R03596,Kashmiri
R03597,Cafe
R03598,Mughlai
R03599,South Indian
R03600,Italian
R03601,Kerala
R03602,Bakery
R03603,North Indian
R03604,Cafe
R03605,Goan
R03606,Indo-Chinese
R03607,North Indian
R03608,Fast Food
R03609,Italian
R03610,Bengali
R03611,Gujarati
R03612,South Indian
R03613,South Indian
R03614,Punjabi
R03615,Kashmiri
R03616,Fast Food
R03617,Kashmiri
R03618,South Indian
R03619,Street Food
R03620,Bengali
R03621,Maharashtrian
R03622,Chettinad
R03623,South Indian
R03624,Punjabi
R03625,Bakery
R03626,Awadhi
R03627,Street Food
R03628,Bengali
R03629,Continental
R03630,Punjabi
R03631,Rajasthani
R03632,South Indian
R03633,Goan
R03634,Gujarati
R03635,Street Food
R03636,BBQ
R03637,Chinese
R03638,Mexican
R03639,Italian
R03640,South Indian
R03641,Cafe
R03642,Kerala
R03643,Bakery
R03644,Mexican
R03645,Continental
R03646,Goan
R03647,Indo-Chinese
R03648,Kerala
R03649,Mughlai
R03650,Mexican
R03651,Seafood
R03652,Hyderabadi
R03653,Mexican
R03654,Hyderabadi
R03655,Indo-Chinese
R03656,Chettinad
R03657,Bengali
R03658,Fast Food
R03659,BBQ
R03660,Gujarati
R03661,Chinese
R03662,Goan
R03663,BBQ
R03664,Cafe
R03665,Awadhi
R03666,Street Food
R03667,Hyderabadi
R03668,Chinese
R03669,Indo-Chinese
R03670,Awadhi
R03671,Chinese
R03672,Gujarati
R03673,Goan
R03674,Fast Food
R03675,Continental
R03676,Cafe
R03677,Awadhi
R03678,Awadhi
R03679,Kerala
R03680,BBQ
R03681,Mughlai
R03682,Italian
R03683,Cafe
R03684,Fast Food
R03685,South Indian
R03686,Chinese
R03687,Indo-Chinese
R03688,Punjabi
R03689,North Indian
R03690,Awadhi
R03691,Goan
R03692,Goan
R03693,Hyderabadi
R03694,South Indian
R03695,Seafood
R03696,Awadhi
R03697,Rajasthani
R03698,Street Food
R03699,Chinese
R03700,Kashmiri
R03701,Chinese
R03702,Mexican
R03703,Rajasthani
R03704,North Indian
R03705,Punjabi
R03706,Bakery
R03707,Kerala
R03708,Hyderabadi
R03709,Bengali
R03710,Rajasthani
R03711,Kerala
R03712,Kerala
R03713,Seafood
R03714,Continental
R03715,Fast Food
R03716,Mexican
R03717,Rajasthani
R03718,Bakery
R03719,Hyderabadi
R03720,Kashmiri
R03721,Chinese
R03722,Hyderabadi
R03723,North Indian
R03724,Mexican
R03725,Mexican
R03726,Chinese
R03727,Fast Food
R03728,Mexican
R03729,Street Food
R03730,Continental
R03731,Hyderabadi
R03732,South Indian
R03733,Awadhi
R03734,Mughlai
R03735,Rajasthani
R03736,Goan
R03737,Continental
R03738,Hyderabadi
R03739,Mughlai
R03740,Hyderabadi
R03741,Punjabi
R03742,Kerala
R03743,Bengali
R03744,Indo-Chinese
R03745,Maharashtrian
R03746,Gujarati
R03747,Gujarati
R03748,Goan
R03749,Fast Food
R03750,Hyderabadi
R03751,Chettinad
R03752,North Indian
R03753,Italian
R03754,Rajasthani
R03755,Mughlai
R03756,Indo-Chinese
R03757,Seafood
R03758,Maharashtrian
R03759,Italian
R03760,Mughlai
R03761,Awadhi
R03762,Indo-Chinese
R03763,Rajasthani
R03764,North Indian
R03765,Street Food
R03766,Street Food
R03767,Mexican
R03768,Maharashtrian
R03769,Seafood
R03770,Chinese
R03771,Gujarati
R03772,Hyderabadi
R03773,Mexican
R03774,Fast Food
R03775,Punjabi
R03776,Kashmiri
R03777,Mexican
R03778,Kerala
R03779,Gujarati
R03780,North Indian
R03781,Chettinad
R03782,Awadhi
R03783,Mughlai
R03784,Maharashtrian
R03785,Goan
R03786,Rajasthani
R03787,Gujarati
R03788,Cafe
R03789,Kashmiri
R03790,Seafood
R03791,Goan
R03792,Kashmiri
R03793,Mughlai
R03794,Gujarati
R03795,Bakery
R03796,Chinese
R03797,Cafe
R03798,BBQ
R03799,BBQ
R03800,Mexican
R03801,Hyderabadi
R03802,Street Food
R03803,Street Food
R03804,Bengali
R03805,Punjabi
R03806,Seafood
R03807,Maharashtrian
R03808,Rajasthani
R03809,Awadhi
R03810,Chettinad
R03811,Rajasthani
R03812,Indo-Chinese
R03813,Kashmiri
R03814,BBQ
R03815,Awadhi
R03816,Rajasthani
R03817,Hyderabadi
R03818,Mexican
R03819,Kashmiri
R03820,Bengali
R03821,Continental
R03822,Bengali
R03823,Mexican
R03824,Fast Food
R03825,South Indian
R03826,Chettinad
R03827,Chinese
R03828,Punjabi
R03829,Mughlai
R03830,Continental
R03831,North Indian
R03832,Kerala
R03833,Chettinad
R03834,Bakery
R03835,South Indian
R03836,Bakery
R03837,BBQ
R03838,South Indian
R03839,Continental
R03840,South Indian
R03841,Mughlai
R03842,Mughlai
R03843,Gujarati
R03844,South Indian
R03845,Chettinad
R03846,Chettinad
R03847,Rajasthani
R03848,Chettinad
R03849,North Indian
R03850,Chettinad
R03851,South Indian
R03852,Seafood
R03853,Punjabi
R03854,Awadhi
R03855,Maharashtrian
R03856,Cafe
R03857,Maharashtrian
R03858,Chinese
R03859,Mughlai
R03860,South Indian
R03861,Chettinad
R03862,Cafe
R03863,Bakery
R03864,Mughlai
R03865,North Indian
R03866,North Indian
R03867,Street Food
R03868,Cafe
R03869,Seafood
R03870,Rajasthani
R03871,Indo-Chinese
R03872,Seafood
R03873,Gujarati
R03874,Rajasthani
R03875,Awadhi
R03876,Kerala
R03877,Chettinad
R03878,Cafe
R03879,Awadhi
R03880,Bengali
R03881,Chinese
R03882,Italian
R03883,Seafood
R03884,Hyderabadi
R03885,Gujarati
R03886,BBQ
R03887,Gujarati
R03888,Goan
R03889,Kerala
R03890,Street Food
R03891,North Indian
R03892,BBQ
R03893,Gujarati
R03894,Chettinad
R03895,Kerala
R03896,Punjabi
R03897,Chettinad
R03898,Awadhi
R03899,Chettinad
R03900,Mexican
R03901,Rajasthani
R03902,Kashmiri
R03903,Mughlai
R03904,Seafood
R03905,North Indian
R03906,Hyderabadi
R03907,Chinese
R03908,Goan
R03909,South Indian
R03910,BBQ
R03911,Hyderabadi
R03912,Chinese
R03913,Kashmiri
R03914,North Indian
R03915,North Indian
R03916,Fast Food
R03917,Kashmiri
R03918,Street Food
R03919,Punjabi
R03920,Maharashtrian
R03921,Bakery
R03922,Punjabi
R03923,Kerala
R03924,Chinese
R03925,Seafood
R03926,Mughlai
R03927,Punjabi
R03928,Chettinad
R03929,Italian
R03930,South Indian
R03931,Continental
R03932,Fast Food
R03933,South Indian
R03934,Maharashtrian
R03935,Hyderabadi
R03936,Chettinad
R03937,Mexican
R03938,Gujarati
R03939,Kerala
R03940,Hyderabadi
R03941,South Indian
R03942,Mughlai
R03943,Continental
R03944,Seafood
R03945,Goan
R03946,North Indian
R03947,BBQ
R03948,Italian
R03949,Awadhi
R03950,Gujarati
R03951,Gujarati
R03952,Bakery
R03953,Bakery
R03954,Mexican
R03955,Gujarati
R03956,Kerala
R03957,BBQ
R03958,Punjabi
R03959,Maharashtrian
R03960,Goan
R03961,Bengali
R03962,Italian
R03963,Street Food
R03964,Kashmiri
R03965,Rajasthani
R03966,Bengali
R03967,Bengali
R03968,Punjabi
R03969,Maharashtrian
R03970,North Indian
R03971,Fast Food
R03972,Bakery
R03973,Gujarati
R03974,Bengali
R03975,Mexican
R03976,Street Food
R03977,Italian
R03978,North Indian
R03979,Italian
R03980,Indo-Chinese
R03981,Italian
R03982,Kashmiri
R03983,Rajasthani
R03984,Bakery
R03985,Maharashtrian
R03986,Mexican
R03987,Street Food
R03988,Cafe
R03989,Kerala
R03990,Punjabi
R03991,Bakery
R03992,Bakery
R03993,Maharashtrian
R03994,Indo-Chinese
R03995,Goan
R03996,Awadhi
R03997,Maharashtrian
R03998,Mexican
R03999,Mughlai
R04000,Chettinad
R04001,Seafood
R04002,Chinese
R04003,Hyderabadi
R04004,Kerala
R04005,Kerala
R04006,Rajasthani
R04007,Street Food
R04008,Chettinad
R04009,Awadhi
R04010,Mughlai
R04011,Rajasthani
R04012,Punjabi
R04013,North Indian
R04014,Seafood
R04015,Cafe
R04016,Fast Food
R04017,Kashmiri
R04018,Kerala
R04019,Seafood
R04020,Fast Food
R04021,Rajasthani
R04022,Kerala
R04023,Goan
R04024,Indo-Chinese
R04025,Continental
R04026,Kerala
R04027,Bakery
R04028,South Indian
R04029,Awadhi
R04030,Fast Food
R04031,Maharashtrian
R04032,Mexican
R04033,Kashmiri
R04034,Kerala
R04035,South Indian
R04036,Mughlai
R04037,Bengali
R04038,Hyderabadi
R04039,Goan
R04040,Continental
R04041,Chinese
R04042,Chinese
R04043,Chinese
R04044,Indo-Chinese
R04045,Gujarati
R04046,Awadhi
R04047,Indo-Chinese
R04048,Kashmiri
R04049,BBQ
R04050,Maharashtrian
R04051,Kerala
R04052,Italian
R04053,Bengali
R04054,Chinese
R04055,Rajasthani
R04056,Street Food
R04057,Awadhi
R04058,Punjabi
R04059,Kerala
R04060,Gujarati
R04061,Awadhi
R04062,Mughlai
R04063,Goan
R04064,Italian
R04065,Italian
R04066,Fast Food
R04067,Cafe
R04068,Hyderabadi
R04069,Maharashtrian
R04070,Indo-Chinese
R04071,Mexican
R04072,Seafood
R04073,BBQ
R04074,Gujarati
R04075,Rajasthani
R04076,Continental
R04077,Bengali
R04078,Hyderabadi
R04079,North Indian
R04080,Maharashtrian
R04081,Chettinad
R04082,Bakery
R04083,Chettinad
R04084,Street Food
R04085,Awadhi
R04086,Hyderabadi
R04087,Goan
R04088,Kashmiri
R04089,Seafood
R04090,Goan
R04091,Maharashtrian
R04092,Italian
R04093,Cafe
R04094,Italian
R04095,Goan
R04096,Seafood
R04097,Bengali
R04098,Punjabi
R04099,BBQ
R04100,Kashmiri
R04101,Indo-Chinese
R04102,Awadhi
R04103,Continental
R04104,Goan
R04105,Kashmiri
R04106,Italian
R04107,Punjabi
R04108,Continental
R04109,Mughlai
R04110,Continental
R04111,Street Food
R04112,North Indian
R04113,Cafe
R04114,Kashmiri
R04115,Fast Food
R04116,Awadhi
R04117,North Indian
R04118,Chettinad
R04119,South Indian
R04120,Goan
R04121,Seafood
R04122,South Indian
R04123,Indo-Chinese
R04124,South Indian
R04125,Rajasthani
R04126,Chinese
R04127,Awadhi
R04128,Chettinad
R04129,Kerala
R04130,Continental
R04131,Chettinad
R04132,Fast Food
R04133,Italian
R04134,Seafood
R04135,Kashmiri
R04136,South Indian
R04137,Maharashtrian
R04138,Gujarati
R04139,Cafe
R04140,Continental
R04141,Street Food
R04142,South Indian
R04143,Hyderabadi
R04144,Kerala
R04145,Chinese
R04146,Maharashtrian
R04147,Mexican
R04148,Rajasthani
R04149,Fast Food
R04150,Cafe
R04151,Street Food
R04152,Italian
R04153,Hyderabadi
R04154,Mexican
R04155,BBQ
R04156,Bakery
R04157,Street Food
R04158,Mughlai
R04159,Punjabi
R04160,Kashmiri
R04161,Kashmiri
R04162,North Indian
R04163,Bakery
R04164,Cafe
R04165,BBQ
R04166,Bengali
R04167,Italian
R04168,Cafe
R04169,Mexican
R04170,Fast Food
R04171,Fast Food
R04172,Mexican
R04173,South Indian
R04174,South Indian
R04175,Mughlai
R04176,Continental
R04177,Punjabi
R04178,Indo-Chinese
R04179,Kashmiri
R04180,South Indian
R04181,Fast Food
R04182,Bakery
R04183,Awadhi
R04184,Seafood
R04185,Mexican
R04186,Bakery
R04187,North Indian
R04188,Bengali
R04189,Maharashtrian
R04190,Awadhi
R04191,Italian
R04192,Indo-Chinese
R04193,Mughlai
R04194,Fast Food
R04195,Mexican
R04196,Bengali
R04197,Indo-Chinese
R04198,North Indian
R04199,Bakery
R04200,BBQ
R04201,BBQ
R04202,Bakery
R04203,Street Food
R04204,Kashmiri
R04205,Bengali
R04206,Maharashtrian
R04207,Bakery
R04208,Street Food
R04209,Awadhi
R04210,Bakery
R04211,Chettinad
R04212,Kerala
R04213,Punjabi
R04214,Punjabi
R04215,Goan
R04216,Rajasthani
R04217,Italian
R04218,Chinese
R04219,Mughlai
R04220,Goan
R04221,Italian
R04222,Bakery
R04223,BBQ
R04224,Hyderabadi
R04225,Rajasthani
R04226,Hyderabadi
R04227,BBQ
R04228,Kerala
R04229,North Indian
R04230,Fast Food
R04231,Awadhi
R04232,Chettinad
R04233,Seafood
R04234,Chinese
R04235,Mexican
R04236,Mughlai
R04237,Chinese
R04238,Gujarati
R04239,North Indian
R04240,Bengali
R04241,Indo-Chinese
R04242,Italian
R04243,Rajasthani
R04244,Street Food
R04245,Kerala
R04246,Chettinad
R04247,Seafood
R04248,Mughlai
R04249,Rajasthani
R04250,Kashmiri
R04251,Chinese
R04252,Indo-Chinese
R04253,Rajasthani
R04254,Fast Food
R04255,Punjabi
R04256,Seafood
R04257,Maharashtrian
R04258,Hyderabadi
R04259,Kashmiri
R04260,Kerala
R04261,Chettinad
R04262,Gujarati
R04263,Hyderabadi
R04264,BBQ
R04265,Hyderabadi
R04266,Punjabi
R04267,Street Food
R04268,Goan
R04269,Italian
R04270,Fast Food
R04271,Rajasthani
R04272,Awadhi
R04273,Kashmiri
R04274,Maharashtrian
R04275,Mexican
R04276,North Indian
R04277,Mexican
R04278,Mexican
R04279,Goan
R04280,Hyderabadi
R04281,Awadhi
R04282,Kashmiri
R04283,Indo-Chinese
R04284,Rajasthani
R04285,Kashmiri
R04286,Goan
R04287,Chinese
R04288,Continental
R04289,Rajasthani
R04290,Seafood
R04291,Kerala
R04292,Chettinad
R04293,Punjabi
R04294,Continental
R04295,BBQ
R04296,Seafood
R04297,Continental
R04298,Chinese
R04299,Chettinad
R04300,Mexican
R04301,South Indian
R04302,North Indian
R04303,Italian
R04304,Mughlai
R04305,Goan
R04306,Mughlai
R04307,Punjabi
R04308,Continental
R04309,Rajasthani
R04310,Kerala
R04311,Mughlai
R04312,Goan
R04313,Bengali
R04314,Cafe
R04315,Indo-Chinese
R04316,Punjabi
R04317,Goan
R04318,Fast Food
R04319,Bakery
R04320,Indo-Chinese
R04321,Mughlai
R04322,Mughlai
R04323,Goan
R04324,Fast Food
R04325,Rajasthani
R04326,BBQ
R04327,Rajasthani
R04328,Continental
R04329,Kashmiri
R04330,Italian
R04331,Continental
R04332,Indo-Chinese
R04333,Maharashtrian
R04334,Gujarati
R04335,South Indian
R04336,Indo-Chinese
R04337,Hyderabadi
R04338,Punjabi
R04339,Mexican
R04340,Bengali
R04341,Mughlai
R04342,Awadhi
R04343,Chettinad
R04344,Rajasthani
R04345,Punjabi
R04346,Bakery
R04347,Mughlai
R04348,Rajasthani
R04349,Continental
R04350,Continental
R04351,Punjabi
R04352,Italian
R04353,Maharashtrian
R04354,Continental
R04355,Punjabi
R04356,Street Food
R04357,Street Food
R04358,Awadhi
R04359,Kashmiri
R04360,Cafe
R04361,Mexican
R04362,Mughlai
R04363,North Indian
R04364,Indo-Chinese
R04365,Continental
R04366,Kerala
R04367,Italian
R04368,Bengali
R04369,Punjabi
R04370,Maharashtrian
R04371,Street Food
R04372,Rajasthani
R04373,Hyderabadi
R04374,Maharashtrian
R04375,Hyderabadi
R04376,Rajasthani
R04377,Maharashtrian
R04378,South Indian
R04379,Fast Food
R04380,Awadhi
R04381,Bakery
R04382,Continental
R04383,Italian
R04384,Italian
R04385,Awadhi
R04386,Street Food
R04387,Cafe
R04388,Kerala
R04389,Gujarati
R04390,Bakery
R04391,Bengali
R04392,Cafe
R04393,Mughlai
R04394,Kashmiri
R04395,Continental
R04396,Awadhi
R04397,Hyderabadi
R04398,Kashmiri
R04399,Punjabi
R04400,BBQ
R04401,Seafood
R04402,Chinese
R04403,Goan
R04404,Continental
R04405,Gujarati
R04406,Awadhi
R04407,Continental
R04408,Street Food
R04409,Chettinad
R04410,Punjabi
R04411,Seafood
R04412,Gujarati
R04413,Mughlai
R04414,Fast Food
R04415,Mughlai
R04416,BBQ
R04417,Street Food
R04418,Bengali
R04419,South Indian
R04420,Bakery
R04421,Goan
R04422,Punjabi
R04423,Chettinad
R04424,Bengali
R04425,Continental
R04426,Continental
R04427,Chettinad
R04428,Bakery
R04429,Seafood
R04430,South Indian
R04431,Chettinad
R04432,Hyderabadi
R04433,North Indian
R04434,Kashmiri
R04435,Kerala
R04436,Chinese
R04437,BBQ
R04438,BBQ
R04439,Hyderabadi
R04440,Continental
R04441,Bakery
R04442,BBQ
R04443,Mexican
R04444,Chinese
R04445,South Indian
R04446,Chinese
R04447,Hyderabadi
R04448,Gujarati
R04449,Indo-Chinese
R04450,Fast Food
R04451,Bakery
R04452,Awadhi
R04453,Hyderabadi
R04454,Continental
R04455,Chettinad
R04456,Chettinad
R04457,Rajasthani
R04458,Bakery
R04459,Rajasthani
R04460,South Indian
R04461,Fast Food
R04462,Kerala
R04463,Seafood
R04464,Bengali
R04465,Awadhi
R04466,Cafe
R04467,Awadhi
R04468,BBQ
R04469,Mughlai
R04470,Mexican
R04471,BBQ
R04472,Gujarati
R04473,Mughlai
R04474,Goan
R04475,BBQ
R04476,Mexican
R04477,North Indian
R04478,Continental
R04479,Mexican
R04480,Kerala
R04481,Street Food
R04482,Goan
R04483,Indo-Chinese
R04484,Hyderabadi
R04485,Gujarati
R04486,Mughlai
R04487,Italian
R04488,North Indian
R04489,Fast Food
R04490,Bakery
R04491,North Indian
R04492,Maharashtrian
R04493,Indo-Chinese
R04494,South Indian
R04495,South Indian
R04496,Kashmiri
R04497,South Indian
R04498,Mughlai
R04499,Fast Food
R04500,Bengali
R04501,Continental
R04502,Cafe
R04503,Bengali
R04504,Maharashtrian
R04505,Cafe
R04506,Cafe
R04507,Kashmiri
R04508,Rajasthani
R04509,Fast Food
R04510,Goan
R04511,Kerala
R04512,BBQ
R04513,Continental
R04514,Seafood
R04515,Cafe
R04516,BBQ
R04517,Punjabi
R04518,Indo-Chinese
R04519,Italian
R04520,Punjabi
R04521,Street Food
R04522,Rajasthani
R04523,BBQ
R04524,Punjabi
R04525,Indo-Chinese
R04526,North Indian
R04527,Indo-Chinese
R04528,Gujarati
R04529,Seafood
R04530,BBQ
R04531,Kerala
R04532,Hyderabadi
R04533,Seafood
R04534,Maharashtrian
R04535,Indo-Chinese
R04536,Kashmiri
R04537,Continental
R04538,Indo-Chinese
R04539,Kerala
R04540,North Indian
R04541,Cafe
R04542,Continental
R04543,Goan
R04544,Indo-Chinese
R04545,Street Food
R04546,Chettinad
R04547,Continental
R04548,Bengali
R04549,South Indian
R04550,Mughlai
R04551,Chettinad
R04552,Punjabi
R04553,South Indian
R04554,South Indian
R04555,BBQ
R04556,Seafood
R04557,Awadhi
R04558,Italian
R04559,Chinese
R04560,Indo-Chinese
R04561,Hyderabadi
R04562,Bakery
R04563,Goan
R04564,Awadhi
R04565,Mexican
R04566,Mughlai
R04567,Maharashtrian
R04568,Cafe
R04569,Chinese
R04570,Rajasthani
R04571,Indo-Chinese
R04572,Kashmiri
R04573,Seafood
R04574,Kashmiri
R04575,Kashmiri
R04576,Awadhi
R04577,Fast Food
R04578,Maharashtrian
R04579,Chinese
R04580,Kerala
R04581,Kerala
R04582,Cafe
R04583,Cafe
R04584,Goan
R04585,Indo-Chinese
R04586,North Indian
R04587,Italian
R04588,Continental
R04589,Chettinad
R04590,Hyderabadi
R04591,Chettinad
R04592,Awadhi
R04593,Chinese
R04594,BBQ
R04595,Bengali
R04596,Awadhi
R04597,Kashmiri
R04598,Bengali
R04599,Punjabi
R04600,Indo-Chinese
R04601,Gujarati
R04602,Bengali
R04603,Italian
R04604,Kerala
R04605,Mughlai
R04606,Awadhi
R04607,Chettinad
R04608,Hyderabadi
R04609,Bakery
R04610,Maharashtrian
R04611,Continental
R04612,Chinese
R04613,Continental
R04614,Hyderabadi
R04615,Mughlai
R04616,Hyderabadi
R04617,Punjabi
R04618,Indo-Chinese
R04619,BBQ
R04620,BBQ
R04621,Chinese
R04622,Cafe
R04623,Chinese
R04624,Bengali
R04625,Kerala
R04626,Seafood
R04627,Kerala
R04628,Kashmiri
R04629,Mughlai
R04630,Street Food
R04631,Fast Food
R04632,Street Food
R04633,Goan
R04634,Seafood
R04635,Seafood
R04636,Kashmiri
R04637,Fast Food
R04638,Awadhi
R04639,Indo-Chinese
R04640,Chettinad
R04641,Cafe
R04642,Hyderabadi
R04643,North Indian
R04644,Mughlai
R04645,Chinese
R04646,South Indian
R04647,Awadhi
R04648,Kashmiri
R04649,Maharashtrian
R04650,Fast Food
R04651,Goan
R04652,Street Food
R04653,Hyderabadi
R04654,Goan
R04655,Chettinad
R04656,Seafood
R04657,Punjabi
R04658,Kerala
R04659,Awadhi
R04660,Bakery
R04661,Bakery
R04662,Awadhi
R04663,Rajasthani
R04664,Continental
R04665,Chinese
R04666,Rajasthani
R04667,Mughlai
R04668,Kashmiri
R04669,Maharashtrian
R04670,Fast Food
R04671,Kashmiri
R04672,Gujarati
R04673,Street Food
R04674,Gujarati
R04675,Street Food
R04676,Mexican
R04677,Fast Food
R04678,Italian
R04679,Fast Food
R04680,South Indian
R04681,Continental
R04682,Indo-Chinese
R04683,Continental
R04684,Awadhi
R04685,Bengali
R04686,Gujarati
R04687,Fast Food
R04688,Cafe
R04689,Bakery
R04690,Fast Food
R04691,Street Food
R04692,Awadhi
R04693,Continental
R04694,Goan
R04695,Bengali
R04696,Chettinad
R04697,Maharashtrian
R04698,Continental
R04699,Goan
R04700,Mughlai
R04701,Italian
R04702,Hyderabadi
R04703,North Indian
R04704,South Indian
R04705,Seafood
R04706,Continental
R04707,Italian
R04708,Italian
R04709,Fast Food
R04710,South Indian
R04711,Kerala
R04712,Mughlai
R04713,Kerala
R04714,Awadhi
R04715,Indo-Chinese
R04716,Maharashtrian
R04717,Continental
R04718,Continental
R04719,BBQ
R04720,Street Food
R04721,BBQ
R04722,Maharashtrian
R04723,Mughlai
R04724,North Indian
R04725,Bakery
R04726,Chinese
R04727,Indo-Chinese
R04728,Mughlai
R04729,South Indian
R04730,Bengali
R04731,Hyderabadi
R04732,Fast Food
R04733,Seafood
R04734,Bengali
R04735,BBQ
R04736,Goan
R04737,Continental
R04738,North Indian
R04739,Mughlai
R04740,Mexican
R04741,Continental
R04742,Bakery
R04743,Mughlai
R04744,Chettinad
R04745,Cafe
R04746,Punjabi
R04747,Cafe
R04748,Chinese
R04749,Indo-Chinese
R04750,Mexican
R04751,Mexican
R04752,Goan
R04753,Mexican
R04754,Cafe
R04755,Cafe
R04756,Bengali
R04757,BBQ
R04758,Street Food
R04759,Cafe
R04760,Indo-Chinese
R04761,Chettinad
R04762,BBQ
R04763,Maharashtrian
R04764,Punjabi
R04765,Gujarati
R04766,Bakery
R04767,BBQ
R04768,Awadhi
R04769,Bengali
R04770,Goan
R04771,BBQ
R04772,Mughlai
R04773,Mughlai
R04774,Punjabi
R04775,Gujarati
R04776,Mughlai
R04777,Gujarati
R04778,Italian
R04779,Continental
R04780,Mexican
R04781,Punjabi
R04782,Italian
R04783,Chinese
R04784,Bengali
R04785,Fast Food
R04786,Italian
R04787,Continental
R04788,Hyderabadi
R04789,Chinese
R04790,Kerala
R04791,Cafe
R04792,Seafood
R04793,Goan
R04794,Kashmiri
R04795,BBQ
R04796,Street Food
R04797,Fast Food
R04798,Chinese
R04799,Fast Food
R04800,BBQ
R04801,Indo-Chinese
R04802,Bengali
R04803,Chettinad
R04804,Rajasthani
R04805,Seafood
R04806,Maharashtrian
R04807,Rajasthani
R04808,Maharashtrian
R04809,Bakery
R04810,Mughlai
R04811,Seafood
R04812,Bengali
R04813,Kerala
R04814,Fast Food
R04815,Awadhi
R04816,Chinese
R04817,Chettinad
R04818,Chinese
R04819,Kashmiri
R04820,Bengali
R04821,Punjabi
R04822,Cafe
R04823,South Indian
R04824,Chinese
R04825,Gujarati
R04826,Mexican
R04827,Gujarati
R04828,Goan
R04829,Bengali
R04830,Chettinad
R04831,Mexican
R04832,Kerala
R04833,Punjabi
R04834,Bengali
R04835,Hyderabadi
R04836,Awadhi
R04837,Chettinad
R04838,Kerala
R04839,South Indian
R04840,Bengali
R04841,Hyderabadi
R04842,Cafe
R04843,Seafood
R04844,Seafood
R04845,Mexican
R04846,Maharashtrian
R04847,Gujarati
R04848,Cafe
R04849,Continental
R04850,Awadhi
R04851,Bengali
R04852,Rajasthani
R04853,South Indian
R04854,Continental
R04855,Street Food
R04856,Punjabi
R04857,Bakery
R04858,Mexican
R04859,Mexican
R04860,North Indian
R04861,Continental
R04862,Chettinad
R04863,Maharashtrian
R04864,Bengali
R04865,Mughlai
R04866,Fast Food
R04867,North Indian
R04868,Italian
R04869,Kashmiri
R04870,Street Food
R04871,South Indian
R04872,Goan
R04873,Rajasthani
R04874,Punjabi
R04875,Bengali
R04876,Continental
R04877,Street Food
R04878,Kerala
R04879,Hyderabadi
R04880,Bakery
R04881,BBQ
R04882,Mexican
R04883,Bakery
R04884,Mexican
R04885,Goan
R04886,Mexican
R04887,Bakery
R04888,Bakery
R04889,North Indian
R04890,Hyderabadi
R04891,Kashmiri
R04892,Goan
R04893,Street Food
R04894,Fast Food
R04895,BBQ
R04896,Chettinad
R04897,Bakery
R04898,Street Food
R04899,Bakery
R04900,North Indian
R04901,Bengali
R04902,North Indian
R04903,Fast Food
R04904,Rajasthani
R04905,Rajasthani
R04906,Gujarati
R04907,Bakery
R04908,Chinese
R04909,Maharashtrian
R04910,Chettinad
R04911,Mexican
R04912,Bengali
R04913,Street Food
R04914,Kashmiri
R04915,Italian
R04916,BBQ
R04917,North Indian
R04918,Chettinad
R04919,Indo-Chinese
R04920,Cafe
R04921,Continental
R04922,Mughlai
R04923,North Indian
R04924,Seafood
R04925,Continental
R04926,Bakery
R04927,Kashmiri
R04928,Chettinad
R04929,Continental
R04930,Bengali
R04931,Seafood
R04932,Fast Food
R04933,Continental
R04934,Indo-Chinese
R04935,Goan
R04936,Maharashtrian
R04937,South Indian
R04938,Awadhi
R04939,Seafood
R04940,Fast Food
R04941,Street Food
R04942,Kerala
R04943,Bakery
R04944,Kerala
R04945,Indo-Chinese
R04946,Kashmiri
R04947,Italian
R04948,Rajasthani
R04949,Mexican
R04950,Awadhi
R04951,Indo-Chinese
R04952,Italian
R04953,Street Food
R04954,Rajasthani
R04955,Punjabi
R04956,Kerala
R04957,Kerala
R04958,Bengali
R04959,BBQ
R04960,Rajasthani
R04961,Indo-Chinese
R04962,Bengali
R04963,Chettinad
R04964,Street Food
R04965,Chettinad
R04966,Bakery
R04967,Mughlai
R04968,Bakery
R04969,Mughlai
R04970,Goan
R04971,Street Food
R04972,Chinese
R04973,Continental
R04974,Hyderabadi
R04975,Street Food
R04976,Street Food
R04977,Italian
R04978,Goan
R04979,Kerala
R04980,Mexican
R04981,Hyderabadi
R04982,Fast Food
R04983,North Indian
R04984,Chettinad
R04985,Bakery
R04986,Awadhi
R04987,Chinese
R04988,Kashmiri
R04989,BBQ
R04990,Cafe
R04991,Goan
R04992,Hyderabadi
R04993,Gujarati
R04994,Rajasthani
R04995,Seafood
R04996,Kerala
R04997,Chettinad
R04998,Rajasthani
R04999,Cafe
R05000,Kashmiri
